SMILES,SA,logp,score
CCc1ccc(C(=O)/C(=C(/S)NC2CC2)[n+]2ccc(CC)cc2)cc1,2.775189478,3.7897,6.564889478
C=CCOc1ccc(C(F)(F)F)cc1C(=O)NC[C@H]1CCC[C@H]1O,3.071497898,3.161,6.232497898
COc1cc(OC)cc([C@@H](NC(=O)Cn2ccccc2=O)c2nccn2C)c1,2.84000896,1.5048,4.34480896
CN1CCC[C@@]2(CCN(C(=O)CN3CCNC(=O)C3)C2)C1=O,3.605168457,-1.1109,2.494268457
COc1ccc(Cl)cc1NC(=O)c1nn(C)cc1[N+](=O)[O-],2.132664673,2.2426,4.375264673
Cc1nn(-c2ccccc2)c(O)c1/C=[NH+]/Cc1ccncc1,3.117639223,0.98102,4.098659223
C=CCN1C(=O)C(C)(C)COc2ccc(NC(=O)C3(c4ccc(OC)cc4)CCOCC3)cc21,2.744789746,4.3197,7.064489746
CON(C)C(=O)c1cnn2c(C)cc(C)nc12,2.547847184,0.97954,3.527387184
NC(=O)[C@@H](NC(=O)CCCc1cccs1)c1ccccc1,2.444743614,2.4136,4.858343614
COc1cccc(CN2CCC[NH+](CC(=O)Nc3ccc(F)cc3)S2(=O)=O)c1,3.546311784,0.8084,4.354711784
Cc1ccc(-c2nc3ccc(C)c(C)c3[nH]2)nc1,2.342516783,3.55016,5.892676783
Cc1n[nH]c(SCC(=O)Nc2cccc(C#Cc3ccccn3)c2)n1,2.685016252,2.63872,5.323736252
COC(=O)c1cncc(C(=O)Nc2cccc(COC(C)C)c2)c1,2.04419285,3.0455,5.08969285
Cc1ccc(C)c(Oc2ccc(CNC(=O)N3CCCSCC3)cn2)c1,2.369895336,4.13924,6.509135336
CC[NH2+][C@@]1(C(=O)[O-])CCC[C@H](Oc2ccc(CC)cc2)C1,4.165551538,0.6424,4.807951538
CC(=O)N1c2ccc(S(=O)(=O)N3CCCC3)cc2C[C@H]1C(=O)NCC[NH+](C)C1CCCCC1,3.989079408,0.7123,4.701379408
C=CCN1CC(=O)N2[C@@H](Cc3c([nH]c4ccccc34)[C@@H]2c2ccccc2OC)C1=O,3.287567863,3.0474,6.334967863
COc1ccc(-c2noc3ncnc(N4CCC[C@H](C(=O)[O-])C4)c23)cc1,3.152874099,1.2597,4.412574099
N#Cc1cc(NC(=O)Cc2ccccc2Cl)ccc1N1CCC(O)CC1,2.173785623,3.35398,5.527765623
Cc1ncc(-c2ccc(S(=O)(=O)NC3CCCCCC3)s2)o1,2.513723357,3.71262,6.226343357
Cc1ccc(NC(=O)c2ccc(F)cc2F)cc1S(=O)(=O)Nc1ccc(Cl)cc1,1.947448768,4.97972,6.927168768
CNC(=O)[C@@H]1CCC[NH+]1Cc1ccc(C)c(F)c1,4.391338086,0.42742,4.818758086
CN1C(=O)N[C@@H](c2cccc([N+](=O)[O-])c2)C2=C1CN(c1ccc(F)cc1)C2=O,2.956072154,2.7309,5.686972154
Cc1cc(CC(=O)N[C@H](c2ccc(F)cc2)C2CCC2)no1,2.665131639,3.32222,5.987351639
Cc1cc(N2CCN(CC(=O)NC3CC3)CC2)nc(-c2ccc([N+](=O)[O-])cc2)n1,2.249569987,1.76082,4.010389987
Cc1cc(C(=O)N2CCN(C(=O)N[C@H]3CC(=O)N(C4CC4)C3)CC2)c(C)o1,2.921725033,1.12714,4.048865033
O=c1c2c3nc4ccccc4nc3n(CCC3=CCCCC3)c2ncn1C[C@H]1CCCO1,3.257260117,4.3639,7.621160117
CC[NH+](C/C=C/c1ccc(C#N)cc1)C[C@H](C)C#N,4.36293875,1.63596,5.99889875
COc1c(Cl)cc(C[NH2+][C@@H](Cc2c[nH]c3ccccc23)C(=O)[O-])cc1Cl,3.725368177,1.9079,5.633268177
COc1ccccc1[C@H](C)NC(=O)C[C@H]1C[NH2+]CCO1,3.812797047,0.2247,4.037497047
Cc1ccc(NC(=O)C(=O)NCCc2ccccc2F)c(C)c1,1.826753956,2.73994,4.566693956
CC(C)(C)OC(=O)N[C@H]1CCN(c2cc(-c3cccs3)n[nH]2)C1,3.228025092,3.2416,6.469625092
CC[C@H](C)C[NH+]1CCCC[C@@H]1C(=O)NC(C)(C)C,4.787067722,1.3846,6.171667722
COC(=O)c1c(S(=O)(=O)NC2CC2)sc2c1CCN(Cc1ccc3ccccc3c1)C2,2.485526606,3.6869,6.172426606
Cc1cc(C)cc(NC(=O)[C@@H](Sc2nnnn2C2CC2)c2ccccc2)c1,2.708478583,4.09694,6.805418583
C=CCn1c([S-])nnc1-c1sc(NC(=O)c2cccc(NC(C)=O)c2)nc1C,2.943459024,3.01252,5.955979024
O=C(CNc1nc(C2CC2)no1)N1CCc2sccc2C1,2.781430253,2.0053,4.786730253
Cc1ccccc1NC(=O)NCCn1c([N+](=O)[O-])cnc1C,2.258312512,2.22984,4.488152512
C[C@H](NC=C(C#N)C#N)c1ccc(-n2cncn2)cc1,3.277555708,1.84896,5.126515708
CN1C[C@H](C(=O)NC[C@H]2CCC(C)(C)c3ccccc32)CC1=O,3.259412472,2.4361,5.695512472
CC(C)n1cccc1C(=O)N[C@H]1CCc2cc(N)ccc21,2.887282024,3.0685,5.955782024
CCN1C(=O)C(C#N)=C(C)/C(=C\Nc2ccc([N+](=O)[O-])cc2)C1=O,2.501067124,2.11938,4.620447124
O=C(Nc1ccnn1Cc1cccc(Cl)c1)C1CCN(S(=O)(=O)c2ccccc2F)CC1,2.296421252,3.7633,6.059721252
COc1cc([C@@H]2N[C@H](C(=O)[O-])CS2)ccc1OC(=O)c1ccccc1,3.273511868,1.3679,4.641411868
CCOc1ccc(C2=CCN(C(=O)c3ccccc3F)CC2)cc1,2.000346516,4.1539,6.154246516
CC(=O)N1CC[C@@H]([NH2+][C@@H](C)CSCC(C)C)C1,4.483674272,0.9483,5.431974272
CCO[P@](=O)(CC(=O)[O-])c1ccccc1,3.510193788,0.3764,3.886593788
O=C(CCc1nc2ccccc2c(=O)[nH]1)N1CCC[C@H]1C1CCCC1,2.774610155,3.0369,5.811510155
O=C(/C=C/SCc1ccco1)Nc1cccc(N2CCCC2=O)c1,2.584851266,3.792,6.376851266
CC(=O)c1c(C)[nH]c(C(=O)OCC(=O)N2C[C@H](C)C[C@@H](C)C2)c1C,3.068452859,2.49544,5.563892859
Cc1ccc(C(=O)N2CCC[C@@H](C(=O)N(C)CC(=O)NC(C)C)C2)cc1,2.492863438,1.83022,4.323083438
C[C@@H](C#N)Sc1nnc(C23CC4CC(CC(C4)C2)C3)o1,4.576896432,3.54158,8.118476432
CC1(C)CCC[C@H]1n1c(N)[nH+]c2ccccc21,4.151966768,2.7888,6.940766768
CCOc1ccc(C[NH+]2CCS[C@H]3COCC[C@@H]32)cc1OC,4.514122047,1.3831,5.897222047
COc1cc(OC)c([C@@H](C)[NH2+]C[C@H](O)C2CCOCC2)cc1Cl,3.960984106,1.7691,5.730084106
COC(C[C@@](C)(O)C[C@@H]1CCCN(S(C)(=O)=O)C1)OC,3.669896168,0.8081,4.477996168
C=CCSc1nnc(C2CCOCC2)n1N,2.825013358,1.164,3.989013358
O=C(Nc1c[nH]c2ccccc12)N1CCCC[C@@H]1CCO,2.674797385,2.9367,5.611497385
Cc1nc(-c2ccc(-c3noc(C4CC4)n3)cc2)cs1,2.133219774,4.04592,6.179139774
C[C@H]1CCCCN1C(=O)[C@@H](C)NC(=O)C(=O)Nc1ccnn1C(C)(C)C,3.418504414,1.4823,4.900804414
c1cc2c(cc1N[C@@H]1CCOC3(CCC3)C1)CCC2,3.363061129,3.6889,7.051961129
O=C(Nc1ccc(CNC(=O)N2CCCCCCC2)cc1)c1ccco1,1.931563902,4.0076,5.939163902
CNC(=O)[C@H]1CCCCN1c1cccc(F)c1C(N)=S,2.82917551,1.5648,4.39397551
O=C(NCc1nnc2n1CCC2)c1cc(-c2ccccc2)[nH]n1,2.376871447,1.5444,3.921271447
Cc1nnc(-c2cc(CC(C)C)n(-c3cccc(C(=O)N[C@@H]4C[C@@H](C)CC(C)(C)C4)c3)n2)o1,3.548164288,5.37382,8.921984288
COc1cccc([C@@H]2CC(=O)C3=C(C2)NC(=O)C[C@H]3c2ccc(OC)c(OC)c2OC)c1,3.226440403,3.7253,6.951740403
C[NH2+]Cc1ccc(-c2cc(C)ccc2F)s1,3.128631552,2.55582,5.684451552
CCC[C@H](NC(N)=O)C(=O)NC[C@@H]1CCCO1,2.869359841,0.1186,2.987959841
COc1cc(F)cc(CNC(=O)[C@H]2CCCN2C(=O)Cc2ccccc2)c1,2.427176885,2.6842,5.111376885
CCc1cc(C#N)c(NC(=O)CCC(=O)N(CC)CC)s1,2.493551313,2.76928,5.262831313
C#Cc1cccc(NC(=O)C[NH+](C)[C@H](C)c2nnc(-c3ccccc3)o2)c1,3.779297449,1.9323,5.711597449
CCOC[C@H](O)[C@](C)(CC)[NH+]1CCCC1,5.127905513,0.2312,5.359105513
C[NH+](C)Cc1cccc(CNC(=O)NC[C@H](O)c2ccc(F)cc2)c1,3.24179101,1.003,4.24479101
Cc1ccsc1C(=O)NCCNC(=O)c1ccco1,2.114582277,1.80932,3.923902277
COC(=O)[C@H](C)N(Cc1ccccc1)C(=O)Cc1ccon1,2.852054716,1.8074,4.659454716
C/C=C(/C)C(=O)NC[C@H]1C[C@@]12CCc1ccccc12,3.940919906,2.9729,6.913819906
O=C1Nc2ccccc2Oc2cc([N+](=O)[O-])cc(Oc3ccc(Cl)cc3)c21,2.400946341,5.3985,7.799446341
CCc1onc(C)c1NC(=O)CCCC(C)(C)C,2.601600041,3.70032,6.301920041
COC(=O)C(C)(C)COc1ccc2c(c1)OC[C@@H]2[NH3+],3.576525387,0.94,4.516525387
CC#CCCC(=O)Nc1cccc2c1C(=O)c1ccccc1C2=O,2.298959953,3.204,5.502959953
Cc1nc(C)c(S(=O)(=O)/N=C(\[O-])C[C@H]2CCCO2)s1,3.812988405,0.77654,4.589528405
CCC(=O)N[C@H](CCSC)C(=O)Nc1ccc2[nH]c(C)cc2c1,2.732126257,3.06272,5.794846257
COCC[NH+](C)Cc1c(C)cc(C)c(C(C)=O)c1C,3.955103091,1.47556,5.430663091
Cc1cscc1CNC(=O)N[C@@H](C)c1nc(C(=O)[O-])cs1,3.628458628,1.43692,5.065378628
CNC(=O)NCC(=O)NC[C@H](c1cccnc1)C(C)C,2.795116489,0.8664,3.661516489
COc1cccc(C(=O)N2CCC[C@H]2[C@H]2CCC[C@@H]2O)c1,3.002385916,2.4608,5.463185916
COc1ccc2c(c1)[C@H]([NH2+][C@H](C)CCN1CCOCC1)CCCO2,3.789130146,1.5831,5.372230146
COc1cccc(OCC(=O)N2CCN(c3nc4ccc(S(C)(=O)=O)cc4s3)CC2)c1,2.245396536,2.436,4.681396536
COc1cccc(-c2nc(C(=O)O[C@@H](C)CNC(C)=O)c(C)[nH]2)c1,2.86962049,2.07512,4.94474049
CCO[C@H]1C[C@@H]1C(=O)Nc1ccc(Sc2nncs2)c(Cl)c1,3.445502237,3.7062,7.151702237
Cc1ccc(N(CC(=O)N2CCCC[C@H]2C)S(=O)(=O)c2c(C)nn(C)c2C)cc1,2.872766629,2.94166,5.814426629
COc1ccc(C(=O)Nc2nc(CC(=O)Nc3ccc(N(C)C)cc3)cs2)cc1,1.983649537,3.6512,5.634849537
O=c1c2ccccc2sn1-c1ncc(Br)s1,2.853247472,3.2712,6.124447472
Cc1ocnc1CNC(=O)N(C)Cc1ccc(OC(F)F)cc1,2.60278761,2.92602,5.52880761
COc1cc(Cl)c(C)cc1NC(=O)C(=O)NCc1ccccc1C[NH+](C)C,2.870575026,1.55642,4.426995026
C[C@@H]([NH3+])c1cccc(Oc2cc(Br)ccc2Cl)c1,2.965149266,4.1977,7.162849266
CC(C)NS(=O)(=O)c1cccc(C(=O)NCc2ccco2)c1,1.961616674,1.8963,3.857916674
CN(Cc1ncnn1C)C(=O)CSCc1ccccn1,2.529083407,1.1019,3.630983407
CCOc1cc(/C=C(\C#N)C(=O)c2c[nH]c3cc(Cl)ccc23)ccc1OC,2.350767662,5.01848,7.369247662
CCOC(=O)Nc1ccc(NC(=O)N2C[C@@H](C)CC[C@H]2C)cc1C#N,3.067347555,3.77898,6.846327555
Cn1c(=O)oc2ccc(NC(=O)[C@@H]3CCN(C(=O)OC(C)(C)C)C3)cc21,2.748880773,2.327,5.075880773
CC(C)N1CCO[C@@H]([C@H](O)c2cccs2)C1,3.356907136,1.8907,5.247607136
CCN[C@H]1C[C@H](C)C[C@H](C)[C@@H]1[NH+]1C[C@@H](C)[C@@H](C)C1,5.501545361,1.5698,7.071345361
CC1CCN(C(=O)N(CC[NH3+])C2CC2)CC1,3.063324,0.5446,3.607924
COc1ccc(NC(=O)Cn2nc3c4scc(-c5ccc(F)cc5)c4ncn3c2=O)c(OC)c1,2.583698935,3.5677,6.151398935
CC(C)OC(=O)N1CCC(NC(=O)[C@H]2SCCc3ccccc32)CC1,3.087047482,3.1426,6.229647482
COc1ccc2c(c1)SC(=O)C2=O,2.401574365,1.5102,3.911774365
COc1ccc(CCC(=O)N2CCC3(CC2)Nc2ccccc2-n2cccc23)cc1,2.913337418,4.3619,7.275237418
COc1ccccc1Cc1nnc(NC(=O)Cc2ccc(Br)cc2)s1,2.051226236,4.0812,6.132426236
CNC(=O)O/N=C(/N)c1ccc(Br)cc1,2.250317734,1.4254,3.675717734
CC1(C)CN(C[C@@H](CS)c2ccccc2)CCO1,3.027019854,2.8108,5.837819854
CCOC(=O)[C@H]1CCCN(C(=O)Cn2c(SC(F)F)nc3ccccc32)C1,2.799716077,3.1527,5.952416077
[NH3+][C@@H](Cc1ccccn1)c1ccc(Cl)cn1,3.324055225,1.6557,4.979755225
CCOCCN(C)C(=O)C(=O)Nc1cccnc1-c1ccccc1,2.256607012,2.182,4.438607012
CCn1cc([C@H](NC(=O)c2ccc(OC)c(OC)c2)c2ccc(F)cc2)c2cc[nH+]cc21,3.447988059,4.151,7.598988059
O=C([C@@H]1CC12CCOCC2)N1CC[C@@H](Oc2cccc(Cl)c2)C1,3.713785706,3.1364,6.850185706
C[NH2+][C@]1(C(N)=O)CCC[C@H]1CCSC1CCOCC1,4.614268117,0.5061,5.120368117
Cc1cc(NC(=O)c2ccc(-n3cncn3)nc2)ccc1N(C)C,2.267592306,2.28902,4.556612306
Cc1ccccc1CNC(=O)N1CCC([C@@H](O)c2ccc(Cl)cc2)CC1,2.524142332,4.30362,6.827762332
CCc1nc(CNCCc2cccs2)cs1,2.300594957,3.0993,5.399894957
O=C(Nc1ccc2nc(-c3cc(F)ccc3F)[nH]c2c1)c1ccc([N+](=O)[O-])cc1,2.145744096,4.6686,6.814344096
N#Cc1ccccc1NC(=O)C(=O)NC[C@H]1COC2(CCCC2)O1,3.412921889,1.29868,4.711601889
O=C(NC1(C(=O)[O-])CC[NH2+]CC1)OCC1c2ccccc2-c2ccccc21,3.490460281,0.371,3.861460281
Cc1ccc(C(=O)N2CCC[C@H]2CNC(=O)OC(C)(C)C)cc1,2.424440646,3.12432,5.548760646
C[NH+](C)CC(=O)NNC(=O)c1ccc(C2CCCCC2)cc1,2.819298295,0.6398,3.459098295
C[C@@H]1CCCC[C@@H]1OCC(=O)N(C)Cc1cccc(O)c1,2.912373702,2.9459,5.858273702
C#CCNS(=O)(=O)c1ccc(C(=O)N[C@@H]2CCO[C@@]3(CCOC3)C2)cc1,3.898168643,0.666,4.564168643
Cc1ccc(C2(CN3CCN(S(=O)(=O)N(C)C)CC3)CCCC2)cc1,2.439754533,2.23082,4.670574533
Cc1sc2ncn(CCC(=O)NCC(N)=O)c(=O)c2c1C,2.347207183,0.06644,2.413647183
COc1ccc(CCNC(=O)c2cc(C(C)C)nc3c2c(C)nn3C)cc1OC,2.282558575,3.38982,5.672378575
O=[N+]([O-])c1cnc(Br)s1,3.179818392,1.8138,4.993618392
CC(C)(C)CC(=O)N1CCN(C(=O)c2ccn3ccsc23)CC1,2.712888331,2.7214,5.434288331
C/[NH+]=C(/NCCCc1cccc(Br)c1)NC1CC1,2.991361127,0.7897,3.781061127
O=C(CCC1CCCC1)N1CCC(COc2ccccc2C(=O)N2CCCC2)CC1,2.19573155,4.5104,6.70613155
CC(C)(C)c1n[nH]cc1/C=C1\SC(NC2CCCCC2)=NC1=O,3.076214803,3.5998,6.676014803
CN(CC(F)(F)F)C(=O)CNC(=O)N1CCO[C@H](C#N)C1,3.449633505,-0.05892,3.390713505
CC[C@@H](NC(=O)NCc1ccc(C#N)cc1)c1ccc(C)c(F)c1,2.506404532,3.9563,6.462704532
CC(C)c1noc(CCNC(=O)/C=C/c2cn(C)c3ccccc23)n1,2.489753078,3.0568,5.546553078
CC(C)=C1Oc2c3c(cc(C)c2C1=O)OCN(Cc1ccccc1)C3,2.840364996,4.21612,7.056484996
O=C1/C(=N/O)c2ccc(Cl)cc2N1Cc1ccccc1,2.0410745,3.0651,5.1061745
c1ccc(CC2(Cc3ccc4c(c3)CCC4)C[NH2+]C2)cc1,2.844717318,2.5239,5.368617318
CC[C@H](C)NC(=O)N[C@H](c1ccccc1)C(F)(F)F,2.819638554,3.3877,6.207338554
NC(=O)COc1ccc2ccccc2c1C[NH2+]C1CCCCCCC1,2.95041288,2.8802,5.83061288
O=C(COc1ccc(Cl)cc1[N+](=O)[O-])N1CCc2cc([N+](=O)[O-])ccc21,2.251658336,3.1245,5.376158336
O=C(Cc1ccc(F)cc1F)NC1CCN(c2cccc(F)c2)CC1,2.033335093,3.4316,5.464935093
COC(=O)c1ccc(C[NH+](C2CC2)[C@@H](C)c2ccco2)cc1F,4.038401414,2.5138,6.552201414
Cc1ccc([C@@H]2C[NH2+]CC[C@@H]2c2c(F)cccc2F)cc1,3.825954589,3.10772,6.933674589
Cc1ccc(-c2ccc(=O)n(CC(=O)NCc3ccco3)n2)c(C)c1,2.180504107,2.43654,4.617044107
CCNC(=O)NC(=O)CSc1nnc(N2C[C@@H](C)C[C@@H](C)C2)n1Cc1ccco1,3.320744633,2.3395,5.660244633
CC(C)(C)NC(=O)N1CCC(CNC(=O)C(=O)Nc2ccccc2[N+](=O)[O-])CC1,2.351664532,1.8696,4.221264532
Cc1ccc(-n2cnnn2)cc1NC(=O)c1cnn(Cc2ccccc2)c1,2.221673771,2.46782,4.689493771
O=C(Nc1ccc(F)cc1OCC(F)F)c1cccnc1N1CCCC1,2.273178554,3.7171,5.990278554
CCCNC(=O)CCNC(=O)CN1CCC([NH3+])CC1,2.682391179,-1.2748,1.407591179
COCCNC(=O)COc1cc2c(c3oc(=O)c4c(c13)CCC4)CCC(C)(C)O2,2.819768111,2.5267,5.346468111
CC(=O)N[C@@H](CC(=O)Nc1cnn(C)c1)c1cccs1,2.760825185,1.6876,4.448425185
O=C(c1cccc(S(=O)(=O)[N-]c2ccccc2F)c1)N1CCC[C@@H]1c1nc2ccccc2[nH]1,3.413113671,5.0734,8.486513671
C[C@H](CNC(=O)c1[nH]nc(C2CC2)c1Cl)Oc1cccc(F)c1,3.06692193,3.2769,6.34382193
COc1ccccc1C(=O)/C(C#N)=C\c1cnc(-c2ccccn2)s1,2.549035852,4.00358,6.552615852
O=C(NCc1ccco1)[C@H]1CCCN1C(=O)C[NH+]1CCc2sccc2C1,4.132206287,0.5895,4.721706287
CC[C@@H]1CN(C(=O)c2ccc3c(c2)OCO3)CC[NH2+]1,3.69238642,0.2131,3.90548642
Cc1cc(C(=O)Nc2ccc(F)cc2C)on1,1.934252507,2.68284,4.617092507
C[C@@H](N[C@H](C[C@@H]1CCOC1)c1ccccc1)c1ccc([N+](=O)[O-])cc1,3.168218916,4.4133,7.581518916
O=C(NNS(=O)(=O)c1ccc(F)cc1)c1cc2c(s1)CCCC2,2.219578826,2.3893,4.608878826
Cc1cc(C#N)ccc1Oc1ccc([N+](=O)[O-])cc1C#N,2.231562188,3.43888,5.670442188
COc1ccc(-c2nc(CNC(=O)c3ccccc3)n[nH]2)cc1,1.980697063,2.4103,4.390997063
Cc1cccc(OCC(=O)N/N=C/c2cc(Br)c(O)c(Br)c2O)c1,2.453904832,3.46032,5.914224832
CC1=Nc2ccccc2Oc2c1c(=O)n(-c1ccccc1)c1ccccc21,2.458237938,5.2371,7.695337938
COC[C@@](C)(O)CNC(=O)[C@@H]1CC(=O)N(c2ccc(F)cc2)C1,3.005123049,0.6922,3.697323049
Fc1ccccc1[C@@H]([NH2+]Cc1ccoc1)C1CCCC1,3.69757193,3.4136,7.11117193
CC1CCN(C(=O)CN2C(=O)N[C@](C)(c3ccc(Cl)cc3Cl)C2=O)CC1,2.732754879,3.0189,5.751654879
COc1cccc(NC(=O)NCc2ccc3c(c2)N(C(=O)c2cccc(C)c2)CC3)c1,2.09420016,4.52822,6.62242016
O=C(/C=C/c1ccccc1)NC(=S)Nc1cc([N+](=O)[O-])ccc1F,2.105372184,3.2603,5.365672184
CCCn1nccc1NC(=O)c1nnn(-c2ccc(C)cc2)c1C,2.315214931,2.74294,5.058154931
COc1cccc(-c2nc(CC(=O)N[C@@H]3CCS(=O)(=O)C3)cs2)c1,2.722418907,1.6645,4.386918907
COc1cc(NC(=O)c2cnn(-c3ccccc3)n2)cc(OC)c1OC,2.151091028,2.5454,4.696491028
COc1ccc2c(c1)cc(C(=O)N[C@H](C)Cc1cnccn1)n2C,2.807843567,2.3379,5.145743567
CC(C)COCCNC(=O)NNc1ccccc1Cl,2.165718029,2.6387,4.804418029
CCC[C@@H](C)[NH2+]C[C@H](C)Oc1cccnc1C,4.126301903,1.90932,6.035621903
Cc1ccc(C)c(OCCSc2ccc(N)c(C)c2)c1,2.060838323,4.36516,6.425998323
C[C@H](CC#N)N(C)C[C@@H]1CSc2ccccc21,3.590360435,3.10988,6.700240435
CCN[C@@]1(C#N)CC[C@@H](Oc2cccc(F)c2F)C1,3.52564354,2.76798,6.29362354
Cc1cc(C[NH2+][C@@H](CO)C(C)C)c(C)n1-c1ccccc1,3.596987275,2.17444,5.771427275
CC1CCC(NC(=O)C(=O)Nc2cccc(-c3nncn3C)c2)CC1,2.347143544,2.1155,4.462643544
CC(=O)Nc1cccc(C(=O)/C=C/c2ccco2)c1,2.003848944,3.1341,5.137948944
CCCNC(=O)c1cccc(NC(=O)C(=O)N2C[C@H]3CC=CC[C@@H]3C2)c1,3.148539376,2.1895,5.338039376
Cc1nc(C)c(C(=O)N2CCN(C(=O)Cc3ccc(Cl)cc3)CC2)o1,2.226794753,2.47194,4.698734753
CCc1nc(CN/C(=[NH+]/C)N2CC[NH+](CC(C)C)CC2)cs1,4.614668767,-1.282,3.332668767
CN(C)c1ccc(C(=O)Nc2c3c(nn2C)CCC3)cc1,2.254443099,2.2271,4.481543099
O=C1[C@H](Nc2ccccc2O[C@H]2CCOC2)CCCN1Cc1ccccc1,2.979200776,3.4574,6.436600776
N#Cc1cccc(CNC(=O)CCOc2ccc(C=O)cc2)c1,1.99088313,2.45608,4.44696313
COc1ccc(CCn2cc(C(=O)[O-])c(=O)[nH]c2=O)cc1,2.453088713,-0.8486,1.604488713
CN(CCc1ccccc1)C(=O)C(=O)Nc1ccc(Oc2ccncc2)cc1,2.089518656,3.5135,5.603018656
Cc1cc(C)cc(NC(=O)[C@H]2CCCN(S(=O)(=O)c3cn(C)cn3)C2)c1,2.830417176,2.07634,4.906757176
Cc1nc(CNC(=O)[C@@H]2CCCCN2C(=O)OC(C)(C)C)sc1C,2.787253271,3.16574,5.952993271
CCSC1=NC(=O)[C@H]2C(=N1)NC1=C(C(=O)CCC1)[C@H]2c1cccnc1,4.10432105,2.4395,6.54382105
COCC[C@H](C)C(=O)Nc1ccc(Oc2cc[nH+]c3ccccc23)cc1,3.383061791,4.0573,7.440361791
COC(=O)c1sccc1S(=O)(=O)N1CCC[C@@H](NC(C)=O)C1,2.758371043,0.8239,3.582271043
CC(=O)O[C@H]1CC[C@]2(C)[C@@H]3CC[C@@]4(C)[C@@H](C[C@@H]5CCCC[C@@]54C(C)=O)[C@@H]3C[C@@H](O)[C@@]2(O)C1,4.807691125,4.422,9.229691125
CCNS(=O)(=O)[C@H]1CCN(CCSc2ccccc2)C1,2.893618866,1.7923,4.685918866
CC(C)OCCCNC(=O)N1CCC[NH+](CC2CCCCC2)CC1,3.869396076,1.682,5.551396076
C[C@]1(CCc2ccccc2)NC(=O)N(CC(=O)N2CCc3sccc3[C@H]2c2cccs2)C1=O,3.330561001,4.227,7.557561001
Oc1n[nH]c(-c2ccccc2)c1/C=N\c1cccc(Cl)c1,2.575508438,4.1863,6.761808438
C[C@@](NC(=O)c1scnc1C1CC1)(C(N)=O)c1ccccc1,3.152593137,2.151,5.303593137
Cn1cc(C[NH2+]C2CN(C(=O)OC(C)(C)C)C2)c(C(C)(C)C)n1,3.531149004,1.4003,4.931449004
O=C(Cn1ncc2c([nH]c3ccccc32)c1=O)N1CC[C@@H](c2ccccc2)C1,2.801434255,2.8939,5.695334255
COc1cccn(CC(=O)N2CCC[C@H]2c2nccs2)c1=O,2.926470384,1.6771,4.603570384
Cc1ccc(S(=O)(=O)N2CCCSCC2)c(C)c1,2.172121888,2.43104,4.603161888
CC(C)CSc1ccc(N)c(N)n1,2.677260409,1.9941,4.671360409
Cc1ccccc1O[C@@H](C)CC[C@H](C)[NH+]1CCCCC1,4.183468302,2.99982,7.183288302
CC1=CC(=O)C(C)=C(C)C1=O,2.554710776,1.4209,3.975610776
COC(=O)c1c(NC(=O)c2cc3cc(Br)ccc3o2)sc2c1CCC2,2.326967163,4.7844,7.111367163
O=C(c1cc(=O)c2ccccc2o1)N1CCN(c2ccc(-c3noc(C(F)(F)F)n3)c[nH+]2)CC1,3.316210434,2.6383,5.954510434
CCN1C(=O)c2cc(NC(=O)c3cccc(OC)c3OC)ccc2Oc2ccccc21,2.188834997,4.7285,6.917334997
CCC[C@H](C)C(=O)NCc1c(O)ccc2c1CCCC2,2.79815046,3.3234,6.12155046
Cc1c(CCC(=O)NC2CC2)c(=O)n2nc(-c3ccccc3)nc2n1Cc1ccccc1,2.39384803,3.12592,5.51976803
CC(C)(C)C(=O)N1N=C(c2cccc(NS(C)(=O)=O)c2)C[C@H]1c1cccs1,3.033061881,3.8434,6.876461881
COc1ccc(/C=C/C(=O)Nc2ccc(Cl)c(-c3nc4ncccc4o3)c2)cc1,2.282822064,5.2037,7.486522064
Cc1cc(C(=O)Nc2ccc(C[NH+]3CCCC3)cc2)c2cnn(Cc3cccs3)c2n1,3.308540728,3.28052,6.589060728
C=CCn1c(CC)nnc1Sc1nc2c([nH]1)c(=O)n(C)c(=O)n2C,2.9507363,0.4514,3.4021363
CCN(C(=O)[C@H](C)c1cccc(F)c1)c1ccc(C#N)c(Cl)c1,2.787640646,4.50738,7.295020646
COC(=O)CSc1nnc(-c2ccc(OC)cc2OC)o1,2.12901572,2.0189,4.14791572
C[C@@H](NC(=O)CCc1cccc(F)c1)c1ccc2c(c1)CCC(=O)N2,2.559093635,3.5204,6.079493635
COC(=O)[C@H](NC(=O)c1cc(C)on1)c1ccc(F)c(F)c1,2.709930274,1.90532,4.615250274
O=C([O-])c1ccccc1NCc1ccccc1[N+](=O)[O-],2.300858927,1.5704,3.871258927
Cc1cc(=O)c(C(=O)NCCc2ccccc2F)nn1-c1ccccc1F,2.138447824,2.79162,4.930067824
CC(C)[C@H](NC(=O)c1ccccc1)C(=O)N[C@H](C)C(N)=O,2.47185794,0.431,2.90285794
Cc1ccccc1OC1CN(c2ncccc2C(=O)N2C[C@@H]3CC[C@H]2C3)C1,3.852979496,3.28212,7.135099496
CCc1nc(CN2CCC[C@H]([NH2+]CC3CCN(C(C)=O)CC3)C2)no1,3.812233153,0.4183,4.230533153
CCN(CC)C(=O)CSc1c(C)cnc2c1c(=O)n(C)c(=O)n2C,2.632741217,0.90112,3.533861217
CCOc1cc2c(cc1OCC)C[NH+](Cn1nc3n(c1=S)CCCCC3)CC2,4.018751641,2.53659,6.555341641
O=C(CNCC(F)(F)F)N(Cc1cccc(O)c1)C1CC1,2.389515685,2.0351,4.424615685
Cc1cc(CN2CCn3c(nnc3-c3ccccc3)C2)ccc1-n1cncn1,2.418767322,2.85002,5.268787322
C[C@@H]1C[C@@H](C)CN(S(=O)(=O)c2cccc(C(=O)Nc3nc(C4CC4)cs3)c2)C1,3.076699104,3.9394,7.016099104
COC(=O)c1c(NC(=O)CCC(=O)[O-])sc2c1CCCCCC2,2.562728956,1.6623,4.225028956
S=C(Nc1cccnc1)N(Cc1ccccc1)C[C@H]1CCCO1,2.556251215,3.4596,6.015851215
C[NH+]1CC[C@@H](N2CC3(CCC2=O)CC[NH+](Cc2c[nH]cn2)CC3)C1,6.165717612,-1.5158,4.649917612
CC[C@@](C)([C@@H]([NH2+]C)C1C[C@@H](C)C[C@@H](C)C1)[NH+]1CCCCC1,5.7683801,1.858,7.6263801
Cn1cc(NC(=O)N2CCN(c3ccc([N+](=O)[O-])cc3)CC2)c2ccccc2c1=O,2.24714082,2.8008,5.04794082
CC(C)C[C@H](NC(=O)c1cc(-c2cccn2C)n[nH]1)c1ncnn1C,3.319192988,2.0609,5.380092988
CCNC(=O)CN(C1CCCCC1)S(=O)(=O)c1ccccc1,2.045861074,2.1461,4.191961074
CCSc1cc(C(=O)NC[C@H](C)Nc2ccccc2)ccn1,2.637650604,3.424,6.061650604
Cc1noc(C(C)C)c1C(=O)N1CCN(C[C@H](C)O)CC1,2.859488392,1.24502,4.104508392
CSc1ccc(Cl)c(C(=O)Nc2cc(C(=O)N(C)C)ccc2Cl)c1,2.013567479,4.6694,6.682967479
CC(=O)c1ccc(OC[C@@H](O)CN2CCn3c(nn(C)c3=O)C2)cc1,3.001332769,0.0399,3.041232769
Cc1ccc([C@H]2C[NH+]=C(N)N2Cc2ccccc2)c(C)c1,3.297715153,1.25564,4.553355153
Cc1nc(SCC(=O)c2ccc3[nH]c(=O)[nH]c3c2)nc(C)c1C,2.466697225,2.54646,5.013157225
Cn1cc(C(=O)N[C@H]2CCC[C@H]3OCC[C@H]23)c(-c2ccccc2)n1,3.352877627,2.7745,6.127377627
CC[NH2+]C[C@]1(c2ccc(F)cc2Cl)CCC[C@@H]1C,4.165842394,3.1202,7.286042394
CCN(CCNC(=O)N[C@@H](C)c1ncc(C)s1)c1cccc(C)c1,2.919644026,3.64664,6.566284026
COCC(=O)Nc1ccc(-c2noc([C@@H]3CCCN3Cc3[nH]cc[nH+]3)n2)cn1,3.85152994,1.1958,5.04732994
Cc1cc(NC(=O)[C@H]2COc3ccccc3O2)c2ncccc2c1,2.627262029,3.32172,5.948982029
CC[C@H]1CC(=O)N(C[C@@H]([NH3+])c2ccc(OC(C)C)cc2)C1,3.641910716,2.0153,5.657210716
Cc1ccc(C(=O)N(C)CCC#N)cc1,1.82915826,1.9807,3.80985826
CN(O)[C@H]1CC[C@H](c2ccc(C(C)(C)C)cc2)C1,3.088427273,3.9412,7.029627273
Cc1cc(C)n(-c2nc([O-])cc(C(C)C)n2)n1,3.071945177,1.47614,4.548085177
CO[C@@H](C)c1nc(C[NH+](C)Cc2cccc(C)c2C)cs1,4.259931405,2.68224,6.942171405
CCc1ncc(CN(C)C(=O)c2c[nH]nc2-c2ccc(OC)cc2)s1,2.753719275,3.3764,6.130119275
Cc1ccc2[nH]c3c(=O)n(CC(=O)N(C)c4ccc(C)c(C)c4)ncc3c2c1,2.543058432,3.46606,6.009118432
CC[NH2+]C[C@H]1CCO[C@@H]1c1ccc(F)cc1F,4.211152742,1.6257,5.836852742
Cn1nc(C(C)(C)C)cc1C(=O)Nc1ccc(C(N)=O)cc1,2.062408364,2.0688,4.131208364
O=C(Nc1cccnc1)c1ccc(NC(=O)c2ncn(-c3ccccc3)n2)cc1,2.128494967,3.1669,5.295394967
O=c1cc(C2CCC2)nc(-c2cccc(C[NH+]3CC(O)C3)c2)[nH]1,3.57334498,0.4638,4.03714498
C[C@@H](OC[C@H]1CCCO1)C(=O)Oc1cc(Cl)ccc1Cl,3.004023247,3.4829,6.486923247
COc1ccccc1C1(C(=O)Nc2ccc3c(c2)N(C(=O)C2CC2)CC3)CC1,2.34415068,3.6646,6.00875068
O=C([O-])[C@@H]1Cc2c([nH]c3ccccc23)[C@H](C(=O)[O-])[NH2+]1,4.686340492,-2.8031,1.883240492
O=C1NC2(CCCC2)C(=O)N1Cc1ccc(Br)s1,2.905374606,2.8752,5.780574606
CC(C)N1CCO[C@H](c2nnn[n-]2)C1,4.545882887,-0.3895,4.156382887
Cc1ccc2c(c1)C(=O)N([C@H](C)C(=O)NCCCC(C)C)C2=O,2.543137633,2.53192,5.075057633
CCN(CC)S(=O)(=O)N[C@H](c1ccc(F)cc1)c1nccn1C,2.880328558,1.8248,4.705128558
CCN(CC)C(=O)C1CCN(c2cccc(Cl)c2)CC1,1.925061949,3.4248,5.349861949
O=C(NCC(=O)N1CCN(c2ccc(F)cc2)CC1)N[C@@H]1CCS(=O)(=O)C1,2.699990976,-0.0394,2.660590976
CCn1c(SCC(N)=O)nnc1[C@H](C)Oc1cccc(Cl)c1,2.695897046,2.6688,5.364697046
COC(C)(C)C(=O)Cc1cccc2ccccc12,2.090800657,3.3764,5.467200657
CC1CCN(C(=O)c2ccccc2NCC(=O)N[C@H](C)C(C)C)CC1,2.513852635,3.1313,5.645152635
COCC[C@@H](C)C(=O)Nc1ccc2c(C)n[nH]c2c1,2.813255353,2.48242,5.295675353
CC[C@H]([NH3+])[C@H](Sc1cc2ccccc2[nH]1)c1cccnc1,3.893539633,3.4168,7.310339633
N#C[C@@H](c1ccc(Cl)cc1)c1ccc([C@H](O)c2ccccc2)cc1,2.754553872,5.07718,7.831733872
CCS(=O)(=O)c1ccccc1NCc1c[nH+]cn1C1CC1,3.319676997,2.0428,5.362476997
Cc1ccc(OC[C@@H](O)C[NH+](C)Cc2cc(C)on2)c(C)c1,3.945702345,1.05446,5.000162345
COc1cccc2c1OC[C@@H](NC(=O)Nc1cncc3ccccc13)C2,2.816092277,3.3686,6.184692277
Cc1cc([C@H]2CCCN2CCc2ccc([N+](=O)[O-])cc2)no1,2.770692362,3.27082,6.041512362
COc1ccccc1-n1nc(C(=O)NC2CCCCCC2)c2ccccc2c1=O,2.082487998,3.8469,5.929387998
O=C(Cn1ccc(=O)[nH]c1=O)NC[C@H]1CCOC1,2.849533882,-1.3107,1.538833882
CC(=O)N1C(C)(C)C=C(CO)C1(C)C,3.451082344,1.3244,4.775482344
Cc1cnc(CNCc2c[nH+]cn2C2CC2)cn1,3.652209805,1.02532,4.677529805
Cc1cc(C(=O)N2CCc3cc(Cl)cc(Cl)c3C2)[nH]n1,2.669253158,3.22342,5.892673158
CCOC(=O)[C@H](CC)N1CCC(C(=O)N2CCCCCC2)CC1,2.5693103,2.4427,5.0120103
CC(C)[C@H](C)NC(=O)C(=O)Nc1cc(Br)ccc1-n1cccn1,2.804510976,2.734,5.538510976
O=C(CSc1ccc(F)cc1)Nc1nnc(-c2ccccn2)o1,2.191540921,3.0015,5.193040921
C/C=C/c1ccc(OCC(=O)Nc2ccc3[nH]c(=O)[nH]c3c2)c(OC)c1,2.253707868,2.9154,5.169107868
CN(CC[NH+](C)C)C(=O)c1cc(F)c(Cl)cc1Cl,3.312684493,1.349,4.661684493
O=[N+]([O-])c1cnccc1NCc1cccc(F)c1,2.013819951,2.741,4.754819951
Cc1ccc(F)c(NC(=O)c2cccc(CS(C)(=O)=O)c2)c1,1.842203357,2.93102,4.773223357
Cc1nc(N2CCN(c3ccccc3O)CC2)nc2cc3c(cc12)CCC3,2.344492661,3.45912,5.803612661
CC(C)c1ccsc1C(=O)N1CCN(c2ncccc2C#N)CC1,2.467553166,3.10058,5.568133166
Cc1ccc(S(=O)(=O)N2CCC[C@@H](c3nc(-c4ccccc4Br)no3)C2)cc1,2.679753116,4.37582,7.055573116
CCc1ccc2nc(C)cc(C(=O)N[C@H]3CCC(=O)N(C)C3)c2c1,2.726969629,2.45622,5.183189629
CS(=O)(=O)[N-]c1ccc(C2=NN/C(=N\c3ccccc3)SC2)cc1,3.686623439,3.3796,7.066223439
COc1ccc(Br)cc1C[NH2+][C@H]1CCCC1(C)C,3.803916035,3.0998,6.903716035
O=C1CCC[C@@H]1CC[S@@](=O)c1cc(Cl)ccc1Cl,3.495879625,3.8603,7.356179625
C[C@@H]([NH2+]Cc1ccn[nH]1)c1ccc(Cl)s1,4.249743882,1.9492,6.198943882
NC(=O)[C@@H]1CCCN1c1nc(-c2cccnc2)nc2scc(-c3ccccc3)c12,2.881834056,3.8744,6.756234056
COc1ccccc1CNC(=O)c1nn(C)c(=O)c2ccccc12,1.894141175,1.8721,3.766241175
Cc1ccc(F)cc1S(=O)(=O)NCCCCn1ccccc1=O,2.142833523,2.05452,4.197353523
Cc1cc(C)nc(N(C)CC(C)(C)O)n1,2.621362705,1.30054,3.921902705
COC(=O)c1sc2ccc(NC(=O)NC(C)C)cc2c1OC,2.204937973,3.2264,5.431337973
Oc1c(F)ccc2cc[nH]c12,2.532800833,2.0126,4.545400833
Cc1cccc(-c2nc(C[NH+]3CCC[C@@H](Cn4cncn4)C3)no2)c1,4.25447131,1.13162,5.38609131
O[C@H]1Cc2ccccc2[C@H]1[NH2+]Cc1nccn1Cc1ccccc1,3.674403729,1.6531,5.327503729
Cc1cccc(S(=O)(=O)[C@H](C)C(=O)Nc2cc(F)ccc2F)c1,2.496263936,3.07412,5.570383936
O=C1C([O-])=C(O)C(=O)c2ccccc21,2.704172084,0.1955,2.899672084
CC(C)(C)CC(=O)Nc1cc(F)c(F)cc1Cl,2.036293505,3.9929,6.029193505
COc1ccc(C(=O)NC(=S)Nc2ccc3oc(-c4ccc(O)c(Br)c4)nc3c2)cc1,2.285489018,5.0983,7.383789018
COC(=O)C1(NCc2cnc3ccccn23)CCCC1,2.69067309,1.9097,4.60037309
COC(=O)c1cc(-c2oc3ccc(Br)cc3c(=O)c2C)cc([N+](=O)[O-])c1,2.387240107,4.22572,6.612960107
Fc1ccc(CNC2=NC=NC3=NC=N[C@H]32)cc1,3.602406741,1.1647,4.767106741
OC[C@@H](CCc1cccs1)c1cccc(F)c1,2.630519417,3.5959,6.226419417
C[C@H]1CCc2c(C(=O)NCc3ccc(S(N)(=O)=O)cc3)csc2C1,2.683701432,2.4503,5.134001432
COC(=O)NCc1ccc(NCc2ccc(Br)c(C)c2)cc1,1.910394325,4.22562,6.136014325
CNS(=O)(=O)CC(=O)N[C@H](C)c1ccc(SC(C)C)cc1,2.831783505,1.9135,4.745283505
c1cc(N2CCCCCC2)ccc1C[NH2+]Cc1nnc2n1CCC2,3.039500112,1.8683,4.907800112
CC[C@@H](C)NC(=O)[C@@H](C)S(=O)(=O)Cc1ncc(Cl)n1C,3.496099959,1.2915,4.787599959
CC(=O)c1cccc(OC(=O)/C=C/c2cn(CCC#N)c3ccccc23)c1,2.377963524,4.37638,6.754343524
CC(C)c1ccccc1NC(=O)C1CCN(S(C)(=O)=O)CC1,1.946704896,2.4201,4.366804896
C[NH+](C)[C@H]1CC[C@@H](NC(=O)N2CCN(c3nnnn3-c3ccccc3)CC2)C1,3.830633555,-0.4405,3.390133555
CCn1cc(C(=O)C(=O)N(C)c2c(Cl)cccc2Cl)cn1,2.653209612,3.0555,5.708709612
CC(C)CCN1N[C@H](C2=NC(=O)C3=C4CCCC[C@@H]4SC3=N2)c2ccccc2C1=O,4.330683963,4.0574,8.388083963
Cc1ccnc2nc(C(=O)N(CCC[NH+](C)C)Cc3ccccc3)nn12,3.171964209,0.60972,3.781684209
CC[C@H](NC(=O)c1ccc([N+](=O)[O-])cc1F)c1ccc(OC)cc1,2.384004406,3.6236,6.007604406
CCc1ccccc1NC(=O)N[C@H](C)C(=O)N1CCCC[C@@H]1C,2.748723049,3.16,5.908723049
O=C(CS(=O)(=O)c1ccc2ccccc2n1)N1CCCC1,2.204420544,1.6309,3.835320544
Cc1nc(-c2ccc(S(=O)(=O)N[C@H](C)C[NH+]3C[C@@H](C)C[C@@H](C)C3)cc2)co1,4.544819199,1.87762,6.422439199
CCOc1ccccc1NC(=O)C[C@@H]1CSc2nc(C(C)(C)C)cc(=O)n21,3.009533648,3.6151,6.624633648
C[C@H]([NH2+]Cc1ccc(F)c(CO)c1)c1ccc(-c2cccs2)cc1,3.417228851,3.8711,7.288328851
C[C@@H](Oc1ccccc1Cl)C(=O)Nc1cccc(I)c1,2.252775185,4.3506,6.603375185
COc1ccc(CCNC(=O)c2c[nH]nc2-c2ccccc2)cc1,2.153124233,3.0578,5.210924233
C[NH+]1CCN(CC(=O)NC[C@@H]2COc3ccccc3O2)CC1,3.69680263,-1.2271,2.46970263
COc1ccc2c(c1)N(C(=O)c1cccc([N+](=O)[O-])c1)CCO2,2.081577406,2.6426,4.724177406
CCc1nc(C(=O)Nc2ccc(N(C)C(=O)OC)cc2)nn1-c1c(Cl)cccc1Cl,2.515200631,4.5914,7.106600631
O=C(Nc1sc2c(c1C(=O)Nc1ccccc1)CCC2)c1ccccc1Cl,1.933911169,5.3948,7.328711169
Cc1ccc(Sc2ccc(=O)n(-c3ccc(C(=O)[O-])cc3)n2)cc1,2.544596831,2.05562,4.600216831
O=C1CCCN1CC#CC[NH+]1CCCC1,4.434869482,-0.7091,3.725769482
COc1cc2c(cc1C[NH+]1C[C@@H]3CCC[C@H](C1)C3(O)c1ccccn1)CCC2,5.299426023,2.2815,7.580926023
CC(C)CN(C)CN1C(=O)C(=O)N(C23CC4CC(CC(C4)C2)C3)C1=O,4.036679938,2.2913,6.327979938
C[C@@H](O)c1ccc(N(C)[C@H](C)c2ccccc2F)cc1O,3.081308678,3.782,6.863308678
COc1ccc(NC(=O)N[C@@H]2CCO[C@@H]2C)c(Br)c1,3.049111174,2.7566,5.805711174
Cn1c(C[NH+]2CCC(CS(N)(=O)=O)CC2)nnc1-c1ccccc1,3.609551356,-0.4345,3.175051356
CCc1cccc(NC(=O)Cc2nc(Cc3ccc(F)cc3)n[nH]2)c1,2.201228159,3.2782,5.479428159
Cc1cc(O)c(-c2cc(C(=O)Nc3cccnc3)n[nH]2)cc1C,2.368833974,3.04644,5.415273974
Cc1cnc(CN2CCO[C@H](CN(C)c3cccn[nH+]3)C2)o1,4.141147342,0.52932,4.670467342
CC[NH2+][C@@H](Cc1ccc(Br)s1)[C@@H]1CSCCO1,4.741884708,2.137,6.878884708
O=C(NC(=S)Nc1ccc(O)cc1)c1ccccc1[N+](=O)[O-],1.926072916,2.4272,4.353272916
CC(=O)Nc1cccc(NC(=O)C(=O)N(C)CCc2cccs2)c1C,2.321622474,2.65452,4.976142474
Clc1cccc(CC[NH2+]Cc2cc[nH]c2)c1,3.452394629,1.9742,5.426594629
O=C(CSC(=S)N1CCCC1)N1CCc2ccc([N+](=O)[O-])cc21,2.513903323,2.5978,5.111703323
COc1ccc(N2C[C@@H](C(=O)NN3CCCCC3)CC2=O)c(OC)c1,2.730423213,1.5738,4.304223213
O=C(c1cccc(O)c1)N1CCN(C/C=C/c2ccccc2[N+](=O)[O-])CC1,2.224870018,2.7716,4.996470018
COc1cc(-c2cccc(CN3CCOCC3)c2)ncn1,2.083956027,1.9844,4.068356027
Cc1csc(C(=O)[O-])c1NC(=O)c1cccc([N+](=O)[O-])c1,2.643339977,1.58052,4.223859977
CCC(CC)C(=O)Oc1ccc(S(=O)(=O)N(C)C)cc1,2.090592718,2.2785,4.369092718
CN(C)S(=O)(=O)c1ccc(C(=O)N2CCC(Oc3nc4c(F)cccc4s3)CC2)cc1,2.426432086,3.3693,5.795732086
COC(=O)Cc1ccc(OCC(=O)N2CCCC2)cc1,1.744125512,1.4033,3.147425512
CC[C@H](Oc1ccc2c(c1)CCC2)C(=O)N1CCCCCC1,2.545510082,3.7353,6.280810082
CO[C@H](C(=O)Nc1ccc(C(=O)NCC(C)C)cc1)c1ccccc1,2.252969911,3.3986,5.651569911
O=C1C[C@@H](CNC(=O)Nc2ccc3c(c2)COC3)c2ccccc2N1,2.934345456,2.9643,5.898645456
C=CCN(CC(=O)[O-])C(=O)CSc1cccs1,3.162627302,0.6047,3.767327302
CCOC(=O)C1CCN(CN2C(=O)NC(c3ccccc3)(c3ccccc3)C2=O)CC1,2.379611396,2.7146,5.094211396
CC(C)([C@H](O)[C@H]1CCOC2(CCCC2)C1)[NH+]1CCCCC1,5.244483813,1.9341,7.178583813
Nc1cc(-c2nc3cc(-n4cnnc4)ccc3o2)ccc1Cl,2.535858453,3.3111,5.846958453
C[NH+](C)[C@@H]1CC[C@H](NC(=O)C(C)(C)CCCc2ccccc2)C1,3.853817039,2.2173,6.071117039
CCOc1ccc([C@H](C)NC(=O)c2ccc(F)cc2F)cc1,2.159335886,3.8545,6.013835886
COC(=O)C(C)(C)[C@@H]1CCC[NH+](Cc2nnc(C)n2C2CC2)C1,4.613226345,0.91552,5.528746345
CCc1cnc(CN(C)C(=O)c2ccc(SC(F)F)cc2)s1,2.537210369,4.2924,6.829610369
C[NH2+]Cc1cc(=O)[nH]c(-c2ccc(F)cn2)n1,3.604829082,-0.3358,3.269029082
C[C@@H](NC(=O)COc1ccccc1F)c1ccccc1,2.002354089,3.0819,5.084254089
CC[C@@H](C)Oc1cccc(C(=O)Nc2cccc(C(=O)N3CC[NH+](C)CC3)c2)c1,3.343060863,2.0867,5.429760863
COC(=O)c1cccc(CNC(=O)Nc2cc(F)ccc2OC)c1,1.778129704,2.9426,4.720729704
NC(=O)c1cncc(C#CC2(NC(=O)C3CCCC3)CCCCC2)c1,2.735607005,2.5413,5.276907005
O=C(CN1CC2(CCOCC2)Oc2ccccc2C1=O)NCCN1CCCC1=O,3.166655355,0.809,3.975655355
CC[C@H]1CCC[C@@H](C(=O)[C@@](C)(CC)N2CCOCC2)C1,3.690512322,3.2728,6.963312322
COc1ccc(OC)c(-n2nnnc2S[C@@H](C)c2nc3ccccc3n2C(F)F)c1,3.036983258,4.2776,7.314583258
CC(=O)NN1C(N)=C(C#N)[C@@H](c2ccc(Cl)cc2)C2=C1CC(C)(C)CC2=O,3.23336918,3.12738,6.36074918
Cc1cc(-c2cncnc2C2CCN(C(=O)c3cn(C)nc3C)CC2)on1,2.788500188,2.50174,5.290240188
C[C@H](NC(=O)Cc1cc2ccccc2[nH]c1=O)c1ccc2ccccc2c1,2.464508914,4.1012,6.565708914
Cc1ccc(CC(=O)N2CCC[C@H](C)C2)cn1,2.432306191,2.19102,4.623326191
CCn1/c(=N/C(=O)Cn2cccn2)[nH]c2ccc(Br)cc21,3.05958439,2.0758,5.13538439
Cc1cc(C(=O)N2CCN(Cc3cnc4ncccn34)CC2)c(C)o1,2.619295467,1.89714,4.516435467
COc1ccccc1CNC[C@@H](c1ccc(C)o1)N1CCOCC1,2.661936754,2.75972,5.421656754
C#CCN(Cc1ccccc1Cl)C1CCCC1,2.276202846,3.7178,5.994002846
CCn1cc(Cn2cc(NC(=O)C3CCN(S(C)(=O)=O)CC3)cn2)cn1,2.468456254,0.7579,3.226356254
CC[C@@H](C)NC(=O)[C@@H](C)NCc1cccc(C(N)=O)c1,2.653152917,1.1783,3.831452917
NC(=O)C1CC[NH+](C/C=C/c2ccccc2)CC1,3.578814538,0.48,4.058814538
c1ccc(-c2cc(CSc3ncnc4sccc34)on2)cc1,2.382726154,4.6386,7.021326154
C[C@H](NC(=O)N(C)C)c1cccc(C#CCCO)c1,2.827051719,1.7527,4.579751719
CC(=O)CCc1ccc(O[C@H](C)C(=O)N[C@H]2CCCC[C@@H]2C)cc1,2.92425479,3.6704,6.59465479
O=Cc1c(C2CC2)oc2ccc(OCc3ccc(Cl)nc3)cc12,2.624109703,4.7501,7.374209703
CN(Cc1cscn1)c1ccc(S(=O)(=O)C(C)(C)C)nc1,2.900280867,2.7467,5.646980867
CC(C)[NH+]1CCN(c2ccc(C(=O)N3C[C@H](C)OCC3(C)C)cc2)CC1,4.047651791,1.4394,5.487051791
O=C(NCCC[NH+]1CCCCC1)N1CCO[C@H](c2ccccc2)C1,3.814447251,1.2284,5.042847251
C[C@H](C(=O)N(C)CCC#N)[NH+](C)Cc1ccccc1,3.961452338,0.46188,4.423332338
O=C(/C=C/c1ccc(Cl)cc1)Nc1nnc([C@H]2CCCO2)s1,2.806479793,3.6949,6.501379793
CC[C@@](C)([C@H](NC)c1cccc(OC)c1)[NH+]1CCCCC1,4.2931591,2.1932,6.4863591
Cn1c(=O)c2[nH]c(NCCCCl)nc2n(C)c1=O,2.736699884,0.0011,2.737799884
Cc1csc(C2(NC(=O)CCCc3nnc(-c4ccccc4)o3)CCCC2)n1,2.643283154,4.40992,7.053203154
CCSc1ccc(Cl)cc1C(=O)Nc1cccnc1C,2.132314147,4.40772,6.540034147
C[C@@H]1CCCN(C(=O)N[C@@H]2CCCCC[C@@H]2[NH3+])C1,3.76711659,1.3711,5.13821659
O=C(CN1CCCOC1=O)N1CCC[C@@H]([NH+]2CCCCCC2)C1,4.143119308,0.2786,4.421719308
Cc1cc(SCCCSCC#N)nc2ccccc12,2.540944048,4.2822,6.823144048
O=C(CCNc1ccccc1[N+](=O)[O-])OC1CCC1,2.06472993,2.4925,4.55722993
CCCSC1=NC(=O)[C@H]2C(=N1)NC(=O)C[C@H]2c1cc(Br)ccc1OC,3.954159567,3.1153,7.069459567
C=CCN(Cc1cccc(C#N)c1)C[C@H](O)c1cccc(F)c1,2.763633613,3.41898,6.182613613
O=C([O-])c1cccc2c1ccn2Cc1cscn1,2.841347083,1.5096,4.350947083
C[C@@H]1CCCCN1C(=O)c1ccc(NS(=O)(=O)c2ccc3c(c2)=[NH+]C(=O)[NH+]=3)cc1,3.780275122,-1.964,1.816275122
CC[C@@H](Cl)CCc1cc(C)cc(F)c1,2.71715977,4.08412,6.80127977
[NH3+][C@H](Cc1cccc(F)c1F)c1cc(Cl)sc1Cl,3.588641574,3.8588,7.447441574
Cc1cnc(N(C)CC2CCCC2)c([N+](=O)[O-])c1,2.421682195,2.92462,5.346302195
Cc1cccc2c(CCC(=O)N3CCC[C@@H](n4cncn4)C3)c[nH]c12,2.996277595,2.86412,5.860397595
Cc1noc(C)c1[C@@H]1CCCN1C(=O)CN1CCNC1=O,3.158593888,0.98014,4.138733888
CCCCCCSc1nc2ncccn2n1,2.464580554,2.7967,5.261280554
Cc1ccc(OC(=O)C2CCN(C(=O)c3ccc(F)cc3)CC2)c(C)c1,1.905636655,3.90034,5.805976655
CC[C@]1(C2CC2)CC(=O)NC(=O)[C@H]1Cc1ccccc1,3.395847148,2.6982,6.094047148
O=C(CSc1ncc2ccccn12)N1CCc2sccc2C1,2.587505606,3.0728,5.660305606
CC(=O)Nc1ccc(NC(=O)c2ccccc2C(=O)c2ccc(F)cc2)cc1Cl,1.8770974,4.9208,6.7978974
Cc1ccc(Cl)cc1NC(=O)N1CC[C@@H](N(C)C(=O)OC(C)(C)C)C1,2.673373595,4.12152,6.794893595
Nc1nc(CC(=O)N2CCC[C@@H](c3[nH]ncc3-c3ccccc3)C2)cc(=O)[nH]1,3.16264224,1.6909,4.85354224
C[C@H](NS(=O)(=O)c1ccccc1)C(=O)N1C[C@H](C)c2ccccc21,2.879521476,2.5037,5.383221476
Cc1cccc2cc(C(=O)NC[C@H](C)C(=O)[O-])oc12,3.101639588,0.85702,3.958659588
CNC(=O)c1cccc(OC(=O)c2oc3ccc(OC)cc3c2C)c1,2.081208379,3.32862,5.409828379
CC[C@@H](NC(=O)Nc1cc(COC)ncn1)c1ccc(C)c(F)c1,2.843322787,3.34332,6.186642787
CCc1nn(C)cc1NC(=O)N1CCN(C(=O)[C@H]2CCCO2)CC1,3.02663316,0.8376,3.86423316
CC(C)Nc1nnc(SCc2cn3cc(Cl)ccc3n2)s1,2.651955928,3.9518,6.603755928
CC(=O)Nc1cccc(N[C@H](C)C(=O)NC[C@H](C)c2ccccc2)c1C,2.750741611,3.67372,6.424461611
CC(C)(CCC(=O)OC(C)(C)C)NC(=O)c1ccc(Br)o1,2.503298166,3.6724,6.175698166
CCOC(=O)c1c(NC(=O)c2cc3cccc(OC)c3oc2=O)sc(C)c1C,2.294956795,3.90894,6.203896795
CC1(C)C[C@H]([NH2+]C(C)(C)C(N)=O)C(C)(C)O1,4.587654623,0.1598,4.747454623
Fc1cccc(C[NH2+][C@H]2CCC[C@@H](C(F)(F)F)C2)c1,4.065181131,3.0102,7.075381131
COc1ccc(-c2nc(S(=O)(=O)c3ccccc3)c(NCc3ccc4c(c3)OCO4)o2)cc1,2.369919411,4.5238,6.893719411
CCN(C(=O)c1sc(NC(=O)c2ccco2)cc1C)[C@@H](C)C(C)C,3.067582502,4.40842,7.476002502
CC(=O)c1ccc(N2CCN(CC(=O)Nc3ccc(F)cc3)CC2)cc1,1.745600799,2.789,4.534600799
CC(C)(C)c1ccccc1NC(=O)CNc1cc2c(cc1Cl)NC(=O)CO2,2.379469962,4.019,6.398469962
COc1ccc(NC(=S)NC(=O)c2ccccc2OC(C)C)cc1Cl,1.95587331,4.2626,6.21847331
COCCn1ccc2cc(NC(=O)c3cccs3)ccc21,2.079198728,3.6015,5.680698728
CCOc1ccc(C(=S)NC[C@@H]2CCCO2)cc1,2.528851633,2.5294,5.058251633
CCCc1c(C(=O)NC2CCN(C(=O)OCC)CC2)cnn1-c1ccccc1,2.229874275,3.1755,5.405374275
C#Cc1cccc(NC(=O)NCCC[NH+]2CCCCCC2)c1,3.486046434,1.6384,5.124446434
CCc1ccc([C@@H](O)[C@@]2(C)CCCO2)cc1,3.291365597,2.8515,6.142865597
COC(=O)[C@@]1(F)CCN(C(=O)Cc2cccc(OC)c2)C1,2.848120431,1.3513,4.199420431
CNC(=O)CC1CCN(C(=O)c2nc(-c3ccccc3)oc2C2CC2)CC1,2.470756132,3.2073,5.678056132
O=C1N[C@H](CO)C(=O)N2CCN(Cc3cnn(-c4ccccc4Cl)c3)C[C@H]12,3.293818928,0.0292,3.323018928
CNc1nc(C)cc(-c2cccc3cnccc23)n1,2.234845867,3.04192,5.276765867
CCn1cc(-c2nnc(SCc3ccccc3Cl)n2C)cn1,2.291699181,3.6442,5.935899181
O=C(CSc1nc(-c2ccco2)nc2ccccc12)Nc1nccs1,2.346398845,4.0771,6.423498845
O=C1CCc2cc(S(=O)(=O)Oc3cccc(C(F)(F)F)c3)ccc2N1,2.341990367,3.3578,5.699790367
CC[C@@H](C)c1noc([C@H]2CCCN(C(=O)Cc3cccs3)C2)n1,3.228844727,3.5933,6.822144727
CCCOc1ccc(Br)cc1C[NH+]1CCC(c2noc(C)n2)CC1,3.614952536,2.89182,6.506772536
CCNc1cc[nH+]cc1S(=O)(=O)[N-]c1ccc(C)[nH+]c1C,5.185505424,1.75754,6.943045424
Cc1cc([C@H]([NH3+])C2CCCCCC2)sc1Br,3.776193085,4.07242,7.848613085
CC1(C)CCC[C@H]1NS(=O)(=O)c1ccc(N)cc1Cl,3.001833462,2.7792,5.781033462
Cc1ccc(Cl)c(-n2nnc(C(=O)Nc3ccccc3F)c2C)c1,2.064234641,3.92894,5.993174641
CCOC(=O)[C@H]1CCCN(C(=S)Nc2ccccc2F)C1,2.457567813,2.7976,5.255167813
C=CC[C@H](C)[C@@H](C)[NH2+][C@@H](C)CS(C)(=O)=O,4.867243714,0.5836,5.450843714
COc1cc([C@@H]2CC(O)=Nc3c(C(=O)[O-])cn(-c4ccc(Cl)cc4)c32)cc(OC)c1O,3.620591927,3.3406,6.961191927
CCC([NH3+])(CC)C(=O)N[C@@H]1C[C@H]2C[C@@H]1[C@H]1CCC[C@@H]12,5.358506374,1.728,7.086506374
O=C(CNC(=O)N1CCC(OCc2ccccc2F)CC1)N1CCCCC1,2.212233062,2.5288,4.741033062
COC(=O)c1ccc(Oc2ncnc(Oc3cccc4cccnc34)c2[N+](=O)[O-])cc1,2.403730151,4.3042,6.707930151
CC[NH2+]C[C@@H](O)CN1C(=O)CCCC1=O,4.011495477,-1.5303,2.481195477
[NH3+][C@H]1C=C[C@@H](C(=O)NC2(CC(=O)[O-])CCCCC2)C1,4.700839766,-0.8679,3.832939766
COc1cccc([C@H]2C(C(=O)c3ccc(Cl)cc3)=C([O-])C(=O)N2c2cc(C)on2)c1,3.126908422,3.23022,6.357128422
CC(C)CC[NH2+]Cc1cc(F)ccc1F,3.319744001,2.0743,5.394044001
CC(C)C[C@H](NC(N)=O)C(=O)NCCc1ccc(Cl)cc1Cl,2.501281448,2.7351,5.236381448
Cc1nc(C(=O)N(C)Cc2ccc(C(F)(F)F)cc2)nn1-c1ccc(F)cc1,2.28443192,4.00582,6.29025192
CCCc1nnc(NC(=O)c2c(Cl)ccc(Cl)c2Cl)s1,2.26792167,4.7031,6.97102167
O=C([O-])c1ccc[nH+]c1NC[C@H](c1ccccc1)N1CCOCC1,3.813179172,0.3496,4.162779172
COCCOc1ccc(CNC(=O)N2CCC[C@H](C)CC2)cn1,2.587574312,2.4384,5.025974312
Cc1nccc2c1=C[C@@H](C(=O)N[C@@H](C)c1ccccc1)C(=O)[NH+]=2,4.094326362,-1.09548,2.998846362
COc1ccccc1NC(=O)c1ccc(NC(=O)Cn2nc(C(=O)[O-])c3ccccc3c2=O)cc1,2.34156721,1.6596,4.00116721
O=C(NC[C@@H]1COc2ccccc2C1)c1n[nH]c(=O)c2ccccc12,2.702355993,1.9042,4.606555993
CC1(C)CCC[C@@H]1[NH2+][C@@H]1CCCC1(C)C,4.747288252,2.7072,7.454488252
CC(C)n1nccc1C(=O)OC[C@H]1CN(Cc2ccccc2)CCO1,2.811890846,2.5218,5.333690846
CCc1ccc([C@@H](Br)c2ccc3c(c2)C[C@@H](C)O3)o1,3.294719399,4.6497,7.944419399
Cc1ccc(S(=O)(=O)N2CCCCC2)cc1C(=O)N(C)CC[NH+](C)C,2.941929517,0.38612,3.328049517
CC[C@@H]1CCc2c(sc(=O)n2CN2CC[NH+](C)C[C@@H]2c2ccccc2)C1,4.511671939,1.9538,6.465471939
C=CCC[C@H](O)c1ccc(F)cn1,3.059250513,2.2203,5.279550513
CC(C)(C)NC(=S)N/N=C/c1cccnc1,2.423634839,1.6781,4.101734839
CC1CCN(C(=O)c2ccc(CSc3nc4ccccc4[nH]3)cc2)CC1,2.05068455,4.7273,6.77798455
Cc1c(C)n(-c2ccc(Br)cn2)c2nc[n+](Cc3ccncc3)c(N)c12,2.971114521,3.11284,6.083954521
COc1ccc([C@H]2Nn3c(C)nnc3S[C@@H]2C(=O)N2CCCC2)cc1,3.304234512,1.97662,5.280854512
Cc1ncc(CC(=O)N2CCc3c(c(C(=O)[O-])nn3CC3CC3)C2)c(=O)[nH]1,3.159885346,-0.82428,2.335605346
COCc1nc2n(n1)CCC[C@@H]2NC(=O)Nc1cnccc1C,3.196257529,1.78452,4.980777529
Cc1ccc(NC(=O)C[C@H](c2cccc(C)c2)n2cccc2)cc1,2.522819487,4.72314,7.245959487
CC1CCN(C(=O)CN2CCN(c3cc(C#N)ccn3)CC2)CC1,2.242431466,1.33378,3.576211466
N#Cc1ccnc(N2CCC(CCC(=O)NCc3cccc(Cl)c3)CC2)c1,2.250365015,3.91968,6.170045015
COCC[C@@H](C)C(=O)Nc1cccc(Oc2ccncc2)c1,2.484806648,3.485,5.969806648
O=C(Cn1nc(C(=O)[O-])c2ccccc2c1=O)Nc1ccc2c(c1)C(=O)c1ccccc1C2=O,2.536245035,1.1741,3.710345035
CC(C)(C)c1csc(CNC(=O)N[C@@H]2CCc3c(O)cccc32)n1,3.019480995,3.6329,6.652380995
CCn1cncc1[C@@H]1OCC[C@H]1C[NH2+]C(C)(C)C,4.646004856,1.3425,5.988504856
O=C(CN1C(=O)N[C@]2(CCCc3sccc32)C1=O)N[C@H](c1ccccc1)c1cccs1,3.709928512,3.7988,7.508728512
Cc1ccc(C(=O)N[C@H](CC[NH+](C)C)c2ccc(Cl)cc2)s1,3.43628494,2.71562,6.15190494
C/C=C/C[S@@](=O)Cc1nc(-c2cccs2)oc1C,3.517488633,3.53632,7.053808633
Nc1nonc1-c1noc(COc2ccc(Br)cc2)n1,2.399600676,2.0433,4.442900676
COC[C@H]1CCCN(C(=O)N[C@@H]2C[C@](C)(OC)C2(C)C)C1,3.874154216,2.258,6.132154216
C[NH+](C)[C@H]1CC[C@H](NC(=O)N(Cc2c(F)cccc2Cl)C2CC2)C1,3.994602094,2.2187,6.213302094
CC(=O)/N=C1\S[C@@H]2CS(=O)(=O)C[C@@H]2N1c1ccc(Br)cc1Cl,3.526675094,2.7238,6.250475094
Cc1c(Cl)cccc1S(=O)(=O)N1CCC(C(N)=O)CC1,2.029710667,1.53442,3.564130667
CN(Cc1ncnn1C)C(=O)[C@@H]1CC(=O)N(CC(F)(F)F)C1,3.223841813,0.1843,3.408141813
CC(=O)/C=C(/NNC(=O)c1cccc([N+](=O)[O-])c1)c1ccccc1,2.269320979,2.4593,4.728620979
CC(C)c1cc(C(=O)NC[C@@H]2CCC[NH+](C(C)C)C2)n(C)n1,4.366273556,0.9766,5.342873556
CC[C@](C)([NH3+])CO[C@H]1CCOC2(CCCCC2)C1,4.663770551,2.2955,6.959270551
Cc1ccc(-n2nc(C(=O)NC[C@H]3CCCO3)c(=O)n(Cc3cccc(F)c3)c2=O)cc1Cl,2.883985307,2.45222,5.336205307
C[C@H](Cc1cccs1)N(C)C(=O)NCC1CC1,2.835861306,2.7305,5.566361306
COc1ccc(C(=O)N[C@@H](Cc2ccccc2)c2nc3ccccc3[nH]2)cc1[N+](=O)[O-],2.584541779,4.1935,6.778041779
CCCn1c(N)c(Br)c(=O)n(CC(=O)NC)c1=O,2.537467799,-0.4893,2.048167799
Cc1nc(/C=C/C(=O)Nc2nc(-c3ccccc3)ns2)cs1,2.462739944,3.62192,6.084659944
Cc1ccccc1OCCCC(=O)NCc1ccccc1,1.537882208,3.47042,5.008302208
CC[C@H](C)OCc1ccc(C(=O)NN)cn1,2.8132977,1.0002,3.8134977
CCCc1noc(-c2cc(S(=O)(=O)NC)ccc2OC)n1,2.261944947,1.6058,3.867744947
Cc1cc(C)n2cc(CN3C[C@@H](C)C[C@H]([NH3+])C3)nc2n1,4.026418302,0.79844,4.824858302
Cc1noc(C)c1[C@@H](C)NC(=O)NCCCC[NH+]1C[C@@H](C)C[C@H](C)C1,4.640605204,1.99264,6.633245204
C[C@@H](NC(=O)C(C)(C)C)C(=O)Nc1ccc(F)c(C(=O)N(C)C)c1,2.557460441,2.0168,4.574260441
O=c1oc2cccnc2n1CC[NH+](Cc1ccccc1F)C1CCCCC1,3.845392421,2.5464,6.391792421
COc1cccc(CCC(=O)N2CCC(OCc3ccccc3F)CC2)c1,2.033454364,3.9747,6.008154364
CCn1c(N/N=C/c2ccc(N(C)C)cc2)nc2c1c(=O)[nH]c(=O)n2C,2.59704872,0.9552,3.55224872
Cc1cc2n(n1)CCC(=O)N2[C@@H](C)C(=O)NCc1ccccn1,3.100623436,1.02812,4.128743436
Cc1ccc(CC(=O)NC[C@@H]2COc3ccccc3O2)cc1,2.34855287,2.49372,4.84227287
CC[C@H]1COCCN1Cc1c[nH]nc1-c1ccccc1F,3.202033955,2.8266,6.028633955
CC[C@H](C)N1C(=O)c2ccccc2N[C@@H]1c1ccc(Cl)c([N+](=O)[O-])c1,3.14156896,4.6132,7.75476896
CS(=O)(=O)c1ccc(NC(=O)Cn2c(-c3ccccc3)cc3ccccc32)cc1,1.961669185,4.3505,6.312169185
CS[C@@H]1CC[C@@H](NC(=O)/C=C/c2ccc(OCc3cccnc3)cc2)C1,3.120059729,4.0741,7.194159729
CS[C@H](CO)[C@@H](C)NC(=O)NCc1cc(=O)[nH]c2ccccc12,3.361951895,1.4397,4.801651895
O=C(NCC1CC1)C1([NH2+]Cc2cnn(-c3ccccc3)c2)CCCC1,3.257340383,1.7747,5.032040383
CC(C)[C@@H]1CN(C(=O)NC[C@H]2CC[NH+](C3CC3)C2)CCS1,5.10628001,0.8366,5.94288001
[NH3+]C[C@H](CC(=O)NC1CC1)N1CCn2cnnc2C1,3.791785348,-1.6271,2.164685348
O=C(NN1Cc2ccccc2C1)c1cnn(-c2ccccc2)n1,2.463468958,1.9279,4.391368958
COc1ccc(S(=O)(=O)[N-]c2ccc(Cl)c(Cl)c2)cc1[N+](=O)[O-],3.09463754,4.3043,7.39893754
O=C(NCC[C@@H]1C[C@H]2CC[C@@H]1C2)C(=O)Nc1nc(-c2ccccc2)cs1,3.907753927,3.6911,7.598853927
CCCS(=O)(=O)c1ncc(Cl)c(C(=O)Nc2sc3c(c2C(=O)OC)CCC3)n1,2.655303848,2.9028,5.558103848
CC(C)(C)c1csc(CNc2cc(F)cc(F)c2)n1,2.393327346,4.3309,6.724227346
CCOc1ccc(OCC(=O)N2CCN(c3nccn3-c3cccc(Cl)c3)CC2)cc1,2.239043704,3.652,5.891043704
CNC(=O)[C@@H]1C[C@H]([NH3+])CN1Cc1ccc(-n2cccn2)cc1C,3.745433108,0.11152,3.856953108
C[C@@H](Cc1nc2ccccc2s1)NCc1ncn(C)n1,3.139160511,2.1456,5.284760511
CCC(CC)n1ccc(Cn2nnc(N)c2C(C)(C)C)n1,3.056509207,2.7637,5.820209207
CCC[C@H]1CN(C(=O)[C@H]2C[C@@H]2c2ccccc2C)CCO1,3.194344378,3.12602,6.320364378
C[C@H]1CCCC[C@@H]1OCCCOc1ccccc1C[NH3+],3.348375729,2.7927,6.141075729
O=c1oc(-c2ccccc2)nn1CN1CCN(c2ccc(F)cn2)CC1,2.311079692,1.8171,4.128179692
O=C(CCc1ccco1)NCc1cnn(-c2ccccc2)c1,2.047571641,2.7143,4.761871641
COc1ccc2ccccc2c1/C=C1/N=C(c2cccc([N+](=O)[O-])c2)OC1=O,2.34548966,4.1011,6.44658966
O=C([O-])[C@H]1CCO[C@H]1Cc1ccccc1,3.392413353,0.3841,3.776513353
O=C([O-])C1[NH+]=c2ccccc2=[NH+]1,5.228431607,-5.8234,-0.594968393
C=CCN1C(=O)N=C(N)[C@@H]1c1ccc(OC(C)C)cc1,3.176426978,2.4937,5.670126978
Cc1n[nH]c(SCC(=O)NC2(C)Cc3ccccc3C2)n1,2.992188236,1.87892,4.871108236
C[C@H](NC(=O)NC[C@@H]1C[NH+](C)CCN1C)c1ccc(C(C)(C)C)cc1,4.117589731,1.173,5.290589731
C=CCN1CCN(S(C)(=O)=O)[C@@H](C(=O)NCc2ccccc2)C1,2.679932748,0.4346,3.114532748
O=S(=O)(c1cccn2c(SCc3c(F)cccc3Cl)nnc12)N1CCCC1,2.468769119,3.5986,6.067369119
CN[C@@H](c1c[nH+]ccc1N)[C@@H]1CN2CCC[C@@H]2CO1,4.894342078,0.2066,5.100942078
C[C@@H](Sc1nc2ccccc2n1C)C(=O)N(C)Cc1ccccc1,2.431248545,3.7125,6.143748545
C[C@H]1CCCC[C@@H]1[NH+](C)Cc1cc(F)cc(C#CC[NH3+])c1,5.04524194,1.0125,6.05774194
O=C(Nc1ccc2c(c1)CCCN2S(=O)(=O)c1ccccc1)c1cc2ccccc2o1,2.17677755,4.8266,7.00337755
C[C@@H]1CCCC[C@H]1[NH2+][C@@H]1CCN(C2CCCCC2)C1=O,4.263772335,2.0621,6.325872335
CCc1nn(C)c2c1nc(N)n2[C@H](C)c1ccccc1F,3.276272156,2.6628,5.939072156
CC(C)CNC(=O)CNC(=O)C(=O)Nc1ccc2ccn(C)c2c1,2.263583154,1.0052,3.268783154
Cc1nc(-c2nnc(NC(=O)c3ccc(S(=O)(=O)N4CCC[C@H](C)C4)cc3)o2)cs1,2.887521357,3.17442,6.061941357
O=C(NCCc1ccccc1)[C@H]1CCCN(C(=O)c2cccc(Cl)c2)C1,2.231072868,3.5511,5.782172868
CC1(C)C[C@H]([NH2+]C[C@@H]2CCC[C@@H]2NS(C)(=O)=O)C(C)(C)O1,4.794950037,0.6138,5.408750037
Cc1ccc2cccc(NC(=O)[C@H](C)SCc3nc4scc(-c5ccccc5)c4c(=O)[nH]3)c2n1,2.981012578,5.76862,8.749632578
CN(C(=O)CS(=O)(=O)c1nnc(N2CCCC2)s1)C1CC1,2.737794284,0.5328,3.270594284
CC(C)c1ocnc1C[S@@](=O)[C@@H](C)c1ccc(F)c(F)c1,3.919654427,4.0861,8.005754427
C/C(Cn1nnc2ccccc21)=N\NC(=O)c1ccc(Br)cc1,2.193402011,2.9997,5.193102011
CCOc1ccc(-n2ccnc(SCC(=O)Nc3ccccc3Cl)c2=O)cc1,2.118518314,4.0154,6.133918314
Cc1ccc(OC(F)F)c(CN2CCN(c3nc(C)ns3)CC2)c1,2.451202487,3.07854,5.529742487
Cc1cc2ncc([C@H](C)NC3CC[NH+](Cc4ccccn4)CC3)c(C)n2n1,4.106032583,1.63924,5.745272583
CC[NH2+][C@@]1(C(=O)[O-])CC[C@@H](n2cnc3ccccc32)C1,4.410980043,-0.1667,4.244280043
CCCN1C(=O)CCc2cc(NC(=O)N(CC)CC(C)(C)O)ccc21,2.532985399,3.0005,5.533485399
COC(C)(C)c1noc(-c2cc(Br)cn2C(C)C)n1,3.212215459,3.763,6.975215459
Cc1nc(NC[C@H](c2ccc(F)cc2)[NH+]2CCCC2)cc(-c2cc[nH]n2)n1,4.361277329,2.14612,6.507397329
C[C@@H](O)CCC(=O)Nc1cccc(NC(N)=O)c1,2.34605947,1.2767,3.62275947
CC(C)(C)c1csc([C@H]2CN(Cc3ccc(O)cc3O)CCO2)n1,3.143730594,3.4253,6.569030594
Cc1ccc(-c2c[n+](-c3cccc(C(F)(F)F)c3)c3n2CCCCC3)cc1,2.729851836,5.48542,8.215271836
O=c1[nH]c(CCl)nc2ccc(O)cc12,2.419924373,1.3675,3.787424373
COc1cc([C@H](C)N[C@@H]2CCCc3nc(C)sc32)ccc1F,3.302915814,4.32742,7.630335814
Cc1ccc([N-]S(=O)(=O)[C@@H]2CCC[NH2+]C2)c(C)[nH+]1,6.031753882,0.17834,6.210093882
Cc1ccccc1-n1nc2c(c1NC(=O)c1cc([N+](=O)[O-])ccc1Cl)CS(=O)(=O)C2,2.635545395,3.42302,6.058565395
Cc1ccc(NC(=O)C[C@@H]2C(=O)Nc3nc(-c4ccccc4)nn32)cc1C,2.991716945,3.08394,6.075656945
CC(C)[C@H]1CC[C@@H](C)C[C@H]1[NH2+]CC1(CS(C)(=O)=O)CC1,4.753834564,1.8354,6.589234564
O=C(NCCc1nnc(-c2ccccc2)o1)c1ccc2c(c1)C(=O)NC2=O,2.221256139,1.5927,3.813956139
Cc1ncc(CC(=O)N2CCC(=O)N(CC3CC3)[C@@H](C(C)C)C2)c(=O)[nH]1,3.25717113,1.11632,4.37349113
CC[NH2+][C@@]1(C(=O)[O-])CCC[C@@H]1CCN1CCS(=O)(=O)CC1,4.746850504,-2.021,2.725850504
Cc1ccccc1NN/C=C1/C(=O)NC(=O)c2ccccc21,2.204343137,2.22262,4.426963137
CCN(CCC(=O)NC1CC1)C(=O)c1cnc(C)cn1,2.306046425,0.91582,3.221866425
Cc1cccc([C@H]2CCC[NH2+]2)c1,4.094583094,1.39332,5.487903094
CS(=O)(=O)N1CCc2cc(C(=O)Nc3cc(Br)ccc3Br)ccc21,2.207749587,3.786,5.993749587
CC(C)Cn1ncc(C(=O)N(C)[C@@H](C)Cc2ccsc2)c1C(F)F,3.336934928,4.2414,7.578334928
Cc1ccc(F)c(NC(=O)C(=O)NCCC[NH+]2CCCCCC2)c1,3.312323302,1.03782,4.350143302
Cc1cc(NC(=O)[C@H](C)NS(=O)(=O)c2cccc(Cl)c2)ccc1N1CCCC1=O,2.630654339,3.08072,5.711374339
O=C(Cn1nc(-c2ccccc2F)ccc1=O)NC[C@@H]1CCCO1,2.613433534,1.3446,3.958033534
CC(C)COC(=O)N1CCC([NH2+]CCc2nnc3ccccn23)CC1,3.358366621,1.0922,4.450566621
CC(=O)N1CC[C@@H]([NH2+][C@H](C)c2c[nH]c3ccc([N+](=O)[O-])cc23)C1,4.043087472,1.3213,5.364387472
Cc1cnc(C(=O)N2CCC(c3[nH]ncc3-c3ccncc3)CC2)cn1,2.56977868,2.58992,5.15969868
CCCNC(=O)CN1CCC([NH2+][C@H](C)c2ccc(F)cn2)CC1,3.633696098,0.8357,4.469396098
C1CCC([NH2+]CC[C@H]2C[NH2+]CCO2)CC1,5.438513113,-0.7652,4.673313113
CCOC(=O)C1(C)CCN(C(=O)CSc2ccccc2Cl)CC1,2.317976552,3.6239,5.941876552
CCN(CC)C(=O)[C@@H]1CCC[NH+]1Cc1cnc(Cl)s1,4.76589579,1.2122,5.97809579
CCOc1ccccc1N/C(=C\C(=O)OC)C(=O)NC,2.268032439,1.3001,3.568132439
CNC(=O)COc1ccccc1-c1noc(-c2ccc(S(=O)(=O)N(C)C)o2)n1,2.535585059,1.3717,3.907285059
COC(=O)CSc1cc(Cl)ccc1Cl,1.950704472,3.2585,5.209204472
COC(=O)[C@@H]1C(=O)C2=C(C[C@@H]1C)Nc1ccccc1N[C@@H]2c1ccc(Cl)c(F)c1,3.528144568,4.71,8.238144568
COCC[C@@H](C)C(=O)Nc1ccccc1S(=O)(=O)C(F)F,2.730644768,2.294,5.024644768
CCN(c1ccc(C(=O)NCc2ccc([S@](C)=O)cc2)cc1)C(C)C,2.670970361,3.5887,6.259670361
CC[C@@H]1CCCC[C@H]1[C@H]([NH3+])c1c(F)cccc1F,3.827628952,3.4642,7.291828952
Cc1cccc(C(=O)NN2Cc3ccccc3C2)c1F,2.30064616,2.79472,5.09536616
CCn1c(=O)n(CC(=O)Nc2cc(OC)ccc2OC)c(=O)c2ccccc21,2.001306361,1.839,3.840306361
Cc1cc(=O)c(C(=O)N2CCC[C@H](Cn3cc(CC4CCCCC4)nn3)C2)c[nH]1,3.262503707,2.95002,6.212523707
Cc1c(-c2ccnc(N3c4ccccc4C[C@H]3C)n2)nnc2nc(-c3ccco3)nn12,3.333401872,3.62742,6.960821872
Cc1ccc(NC(=O)c2cnn(-c3ccccc3)c2C(F)(F)F)cc1S(=O)(=O)N(C)C,2.297134473,3.70212,5.999254473
CC[C@@H](CSC)N(C)C(=O)Nc1ccc(C(=O)N(C)C)c(C)c1,2.971901104,3.30212,6.274021104
COc1cc2c(cc1NC(=O)c1cc(OC)c(OC)c(OC)c1)CCCC2,2.044842359,3.8521,5.896942359
COc1cc(C)c(Br)cc1[C@@H](Cl)[C@H]1CCO[C@@H]1C,3.81993083,4.47102,8.29095083
Cc1cnc(SCC[NH+]2CCOCC2)nc1[C@@H]1CCCN(C(=O)/C=C/c2cccnc2)C1,4.141789854,1.60662,5.748409854
Cc1ccc(NC(=O)CCn2nnc3cc(C(=O)NCc4cccc(Cl)c4)ccc32)cc1,2.111270605,4.35192,6.463190605
Cc1ccc(SCCC(=O)NC[C@@H]2CN3CCCC[C@@H]3CO2)cc1,3.075083992,2.84672,5.921803992
Cn1cc(CNC(=O)c2cc(-c3ccccc3)nc3ccc(Br)cc23)cn1,2.113376849,4.3278,6.441176849
Cc1cccn2c(=O)c(C(=O)Nc3ccc([S@](C)=O)c(F)c3)cnc12,2.962959658,2.13172,5.094679658
Cc1nonc1C(=O)NCc1csc(=O)[nH]1,3.075637706,0.05782,3.133457706
COc1cc2[nH]c(C(=O)N3CCN(c4ccc(F)cc4)CC3)cc2c(OC)c1OC,2.277064802,3.2952,5.572264802
O=C([O-])[C@H]1C[C@@H]2CCCC[C@@H]2N1C(=O)[C@@H]1CCS(=O)(=O)C1,4.106939223,-0.6693,3.437639223
CCn1c([C@@H](C)[NH2+]CC2([C@H](O)c3ccccc3)CC2)nc2ccccc21,3.791835426,3.1944,6.986235426
CCSC[C@H](C)N(C)C(=O)CCc1c[nH]c2ccccc12,2.930423354,3.7005,6.630923354
COc1ccc2c(C)c(CCC(=O)Nc3c(C(C)C)cccc3C(C)C)c(=O)oc2c1,2.335432391,5.92812,8.263552391
O=C(NNC(=O)c1cccc(NC(=O)c2ccco2)c1)c1ccccc1,1.806007951,2.6067,4.412707951
Cc1ncc([C@H](C)NC[C@H]2CN3CCCC[C@@H]3CO2)c(C)n1,3.635850378,1.99734,5.633190378
CC[C@H]1CCCC[C@H]1n1cc(C(=O)[O-])c(=O)[nH]c1=O,3.611392278,0.0414,3.652792278
N#C[C@H](C(=O)c1cccc(N2CCCC2=O)c1)c1ccc(C(F)(F)F)cn1,2.994926879,3.71728,6.712206879
CCOc1cccc([C@@H](C)[NH2+][C@H](C)Cn2cnc(C)c2C)c1,3.8512171,2.61174,6.4629571
O=C(OCc1nnsc1Cl)c1cccc(N2CCCS2(=O)=O)c1,2.690322495,2.0884,4.778722495
Cc1cc(NC(=O)c2cc(Cl)ccc2Cl)n(C(C)C)n1,2.145072206,4.33152,6.476592206
Cc1ccc(OC[C@@H](O)C[NH2+]C[C@@]2(C)CCCO2)cc1,3.972963039,0.86722,4.840183039
CSC(C)(C)CNC(=O)c1ccc(S(=O)(=O)NC2CC2)cc1,2.376249042,1.9987,4.374949042
Cc1ccccc1-n1nnnc1[C@@H](c1ccccc1)N(C)Cc1cccc([N+](=O)[O-])c1,2.833420949,4.10032,6.933740949
COc1cc(C)c(NC(=O)N2CC[C@@H](C)C[C@@H]2C)cc1OC,2.80715971,3.66452,6.47167971
CCC[NH2+]CC/C=C(/C)c1ccc(C)c(C)c1,3.433729102,3.07024,6.503969102
CS(=O)(=O)c1nc(C(=O)Nc2ccc3c(c2)Cc2ccccc2-3)c2ccccn12,2.440662697,3.5613,6.001962697
O=C(N[C@@H](c1ccc2c(c1)OCCO2)C1CC1)NC1(c2noc(C3CC3)n2)CCCC1,3.346508313,3.938,7.284508313
CC(=O)Oc1ccccc1-c1nc2s/c(=C\c3cc(C)c(OC(C)=O)c(C)c3)c(=O)n2n1,2.667587844,2.83314,5.500727844
O=C(NCC(=O)N1CCN(C(=O)c2ccccc2)CC1)c1ccc(Br)o1,2.03066504,1.7565,3.78716504
O=C(NC1CCCC1)[C@@H]1CCCN1C(=O)Nc1cccc(Cl)c1,2.401089697,3.3951,5.796189697
Cc1c(C(=O)N2CCC3(CC2)C(=O)NCCC[NH+]3C)cnc2ccnn12,4.613407565,-0.95288,3.660527565
CC[C@@H](C)CN(C)c1ccccc1C[NH2+]C1CC1,3.802154805,2.3947,6.196854805
O=C(Nc1ccnn1Cc1cccc(Cl)c1Cl)c1cccc(S(=O)(=O)NC2CCCC2)c1,2.387381354,4.7114,7.098781354
COc1ccc(C(=O)Nc2ccccc2C(=O)Nc2ccccn2)cc1,1.688012874,3.5948,5.282812874
CC(=O)Nc1cccc(-n2cc3c(c2-c2ccccc2Cl)c(=O)n(C)c(=O)n3C)c1,2.439185247,3.3067,5.745885247
Cc1ccc2nc(C)c(C(=O)NCC(C)(C)c3ccncc3)cc2c1,2.306965961,3.95424,6.261205961
CSc1ccsc1C(=O)NC1(c2cccc(Cl)c2)CC1,2.584660576,4.5425,7.127160576
O=C(OCc1nnc(-c2ccccc2Cl)o1)C1CCOCC1,2.256423598,2.8598,5.116223598
COc1ccc(-c2csc(NC(=O)CSc3nc4ccccc4[nH]3)n2)cc1OC,2.179890746,4.4344,6.614290746
CCc1cc([C@@H]2CCC[NH2+]2)cc(CC)c1Cl,4.274119239,2.8631,7.137219239
Cc1nc2sc3c(NC[C@H]4CCCO4)ncnc3c2c2c1COC(C)(C)C2,3.430342051,3.99012,7.420462051
Cc1cncc(NC(=O)NCCc2cccc(F)c2)c1,1.947457496,2.89332,4.840777496
CN(C)c1ccc(NC(=O)[C@@H]2CCCN2C(=O)C2CC2)cn1,2.57703349,1.4871,4.06413349
O=C1O[C@H](CCN2CCOCC2)CN1Cc1ccccc1,2.614376716,1.7297,4.344076716
O=C(Cn1c(Cl)nc2ccccc21)c1ccc2c(c1)OCCO2,2.226699819,3.3438,5.570499819
CC(=O)N[C@H](CC(=O)Nc1nc[nH]n1)c1ccc(C)cc1,3.10270471,1.31912,4.42182471
CCC[C@@]1(CC)NC(=O)NC1=O,3.343567709,0.7747,4.118267709
CC(C)[C@@H](O)c1ccn(CCC(C)(C)C)c1,3.326211986,3.6137,6.939911986
O=C(CNS(=O)(=O)c1ccccc1Cl)NCc1ccco1,2.015111156,1.5277,3.542811156
CCSC1=C(C#N)[C@H](CC(C)C)C2=C(CCCC2=O)N1,3.509414391,3.74728,7.256694391
C[C@H]1CC[C@H](NC(=O)NC[C@](C)(O)c2ccsc2)[C@H](C)C1,3.828507393,3.0795,6.908007393
O=C(Cc1ccc(-n2cccn2)cc1)Nc1cccc(CN2CCOC2=O)c1,2.246151822,3.0057,5.251851822
COCCSc1ccccc1C(=O)N1C[C@H](C)O[C@@H](C)C1,2.919174745,2.6745,5.593674745
CN[C@@H]1[C@@H](C[NH+](C)CCO)C(C)(C)OC1(C)C,5.466499996,-0.715,4.751499996
CC(C)COC1CCN(C(=O)/C=C/c2cccc3cccnc23)CC1,2.385662775,3.9116,6.297262775
Cc1cc(-n2c(C)cc(C(=O)CN3C(=O)NC(c4ccccc4)(c4ccccc4)C3=O)c2C)no1,2.659919657,4.06886,6.728779657
CCC[NH2+][C@@H](CC[C@H]1CCCO1)[C@@H]1C[NH+]2CCN1CC2,6.424619424,-1.1297,5.294919424
CC[C@@H](C)NC(=O)[C@H](NC(=O)c1cccc(C)c1)C1CCN(C(=O)c2ccccc2)CC1,2.852569634,3.56052,6.413089634
Cc1ccc([C@H]2CSCCN2C(=O)N[C@H]2CC[C@H]([NH+](C)C)C2)cc1,4.245038493,1.86012,6.105158493
C[C@H](NC(=O)c1ccnn1C)C12CC3CC(CC(C3)C1)C2,4.194819005,2.7548,6.949619005
Cn1ncnc1CCNC(=O)N1CCC[C@H]1Cc1ccccc1,2.744029526,1.7743,4.518329526
O=C([O-])COc1cc(-c2ccncc2)nc(N2CCN(c3ccccc3F)CC2)n1,2.663513821,1.133,3.796513821
N#C[C@H]1CNCCN1C(=O)c1ccsc1,3.291177871,0.68568,3.976857871
CC[NH+]1CC[C@H](N(C)CC(=O)OC(C)(C)C)[C@H](C)C1,4.803468008,0.5731,5.376568008
O=C(Cc1ccc2c(c1)OCCCO2)NCCNC(=O)[C@H]1C=c2ccccc2=[NH+]1,3.610596228,-1.8141,1.796496228
C[C@@H]1CCN(C(=O)NCCn2c(=O)[nH]c3ccccc32)C[C@@H]1O,3.115989084,0.7419,3.857889084
CCC1(CC)CC(=O)N(CCOc2ccccc2)C1=O,2.279792993,2.6307,4.910492993
CSc1cccc(NC(=O)[C@@H]2CCCN2C(=O)c2cccs2)c1,2.519958928,3.7133,6.233258928
CCOC(=O)c1ccc(N2C(=O)c3oc4ccc(F)cc4c(=O)c3[C@@H]2c2ccc(SC)cc2)cc1,2.869982169,5.5805,8.450482169
Cc1ccsc1CN[C@@H]1COC[C@@H]1O,3.438656169,0.90582,4.344476169
CO[C@H](C)C(=O)Nc1cccc(NC(=O)N(C)[C@@H](C)c2cccnc2)c1,2.920062765,3.2799,6.199962765
CN(C(=O)c1ccc2c(c1)CCO2)C1CCC(=O)CC1,2.371567617,2.2052,4.576767617
CC(C)c1csc(/C(C#N)=C\c2csc(-c3ccc(F)cc3)n2)n1,2.706482804,5.59328,8.299762804
COc1ccc(CC(=O)N2CCO[C@@H](COCc3cccc(C)c3)C2)cc1,2.523511281,2.99032,5.513831281
O=C(COc1ccc(Cl)cc1)N[C@@H](c1ccccc1)c1cccs1,2.260327084,4.6861,6.946427084
CCOC(=O)[C@H]1C(=O)C(=O)N(c2ccccc2)[C@@H]1c1ccc([N+](=O)[O-])cc1,2.954844007,2.4311,5.385944007
C[NH+](C)CCCOc1ccc(NC(=O)[C@H]2CCC(=O)O2)cc1,3.481344542,0.2441,3.725444542
CC(C)(C)OC(=O)N(CCNC(=O)N1CCC([NH+]2CCCC2)CC1)C1CC1,3.689186885,1.2386,4.927786885
CC1=C[C@@H](c2ccc(S(=O)(=O)Nc3ccc(Cl)cc3C)o2)N=N1,3.54172818,4.45292,7.99464818
Cc1nn(-c2ccccc2)c(COC(=O)C23C[C@@H]4C[C@@H](CC(O)(C4)C2)C3)c1C#N,4.885278242,3.4269,8.312178242
CC(C)C(=O)Nc1cccc(NC(=O)C(=O)NCC(C)(C)c2ccncc2)c1,2.297021131,2.7086,5.005621131
Cc1cc(C)n2nc(C)c(C(=O)O[C@@H](C)[C@@H]3CCCO3)c2n1,3.472079899,2.37886,5.850939899
CCCN[C@]1(C#N)CC[C@@H](Sc2nc(C)c(C)c(C)n2)C1,3.865569071,3.30844,7.174009071
CCOC(=O)C1(c2nc([C@H]3CC[C@H](C)C3)no2)CCCC1,3.496369973,3.3481,6.844469973
CCCNC(=O)c1ccc2c(c1)c(C)c(C)n2C,1.967924688,2.93494,4.902864688
CCCOc1ccc(NCC(=O)Nc2ccc(F)cc2)cc1,1.632813467,3.6651,5.297913467
S=c1n(CN2CCSCC2)nc(N2CCCCC2)n1-c1ccccc1,2.583555394,3.39989,5.983445394
Cc1cc(C(F)F)nn1CC(=O)N1CC(c2ccncc2)C1,2.61704593,2.15012,4.76716593
O=[N+]([O-])c1ccc(Cl)c(S(=O)(=O)/N=C([O-])/C=C/C2CC2)c1,3.166163675,1.6619,4.828063675
CC[C@@H](C)n1ncc(C(=O)N2CCO[C@H](C#N)C2)c1C1CC1,3.768596419,2.09608,5.864676419
O=C(NC(C1CC1)C1CC1)N1CC[C@@H](Oc2ccc(C(F)(F)F)cn2)C1,3.144221022,3.4517,6.595921022
C[C@H]1CCCC[C@@H]1OCCN(C)Cc1nc(=O)c2ccccc2[nH]1,3.075784642,2.9502,6.025984642
COc1ccc(Cl)cc1S(=O)(=O)N1CCN(C(=O)c2cc3ccccc3oc2=O)CC1,2.197795481,2.6017,4.799495481
C[C@@H]1CCN(c2ncc([N+](=O)[O-])cc2Cl)[C@H](C)C1,3.208323663,3.268,6.476323663
Cc1nc(N2CCN(C(=O)c3cccc(F)c3)CC2)cc(-n2cnc(C)c2C)n1,2.473499443,2.68906,5.162559443
COC(=O)[C@H]1CCCCN1C[C@H](O)COc1ccc(Cl)cc1Cl,2.853293962,2.7606,5.613893962
COC[C@](C)(CCO)[NH2+]Cc1ncccc1C,4.061519898,0.24092,4.302439898
O=C(NC1CCCCC1)C1CCN(C(=O)c2cc3cc(Cl)cnc3[nH]2)CC1,2.420386909,3.5174,5.937786909
CC(C)(C)N(CCC(=O)[O-])C(=O)N1CC[NH+]2CCC[C@H]2C1,5.296421228,-1.2902,4.006221228
COC(=O)c1cc(NC(=O)NCc2ncc[nH]2)ccc1C,2.150937232,1.82642,3.977357232
CN(Cc1ccc(C#N)cc1)C(=O)NCCN(C)c1ccccc1,2.099813573,2.83608,4.935893573
CCCNC(=O)C1CCN(C(=O)c2cccc(NS(=O)(=O)c3ccc4c(c3)CCCC4)c2)CC1,2.239853257,3.7446,5.984453257
O[C@H]1Cc2ccccc2[C@H]1[NH2+]Cc1cnc(-c2ccsc2)s1,4.127840834,2.5933,6.721140834
N#Cc1cc([N+](=O)[O-])ccc1Oc1ccc(/C=N\NC(=O)c2ccccc2-n2cccc2)cc1,2.503753463,4.81338,7.317133463
C[C@H]1C[C@H](C)CN(C(=O)[C@@H](C)S(=O)(=O)c2nc3ccccc3[nH]2)C1,3.481529855,2.2296,5.711129855
CCN(C(=O)CN1CC[NH+](CC2CC2)CC1)c1cccc2ccccc12,3.297787028,1.8032,5.100987028
Cc1ccc(Nc2nc3c(c(=O)[nH]2)CCCC3)c(F)c1,2.46036033,2.83982,5.30018033
CCC[C@H]1[C@H](C)CCCN1C(=O)NCCCCSC,3.291429317,3.7398,7.031229317
Cc1noc(C)c1CN1C(=O)N(c2cccc(Cl)c2)c2ncccc2S1(=O)=O,2.790302811,3.80244,6.592742811
CCC[NH2+][C@@H](C)c1ccc(SCC(C)C)cc1,3.752956887,3.4691,7.222056887
C[C@@H](C(=O)NCCc1ccc(F)cc1)[NH+](C)Cc1ccc(Cl)nc1,3.667307699,1.6362,5.303507699
CC(C)(C)N1C[C@@H](C(=O)n2ccnc2)CC1=O,3.241710455,1.1703,4.412010455
CN(c1ccc(C(=O)Nc2ccccc2C(=O)N2CCCC2)cc1)S(C)(=O)=O,1.980031213,2.5707,4.550731213
Nc1ccc(=O)n(CCN2CC[NH+]3CCC[C@@H]3C2)c1,4.656713618,-1.2066,3.450113618
Cc1cc(NC(=O)C(=O)N2CCN(c3ccc(Br)cn3)CC2)no1,2.379687103,1.42782,3.807507103
Cc1ccc(C(=O)N2CCN(C(=O)CN3CCOCC3)CC2)s1,2.130681032,0.67312,2.803801032
COc1ccc(C(=O)NCc2ccc(C[NH+]3CCC[C@H](C)C3)cc2)cc1[N+](=O)[O-],3.752516678,2.3482,6.100716678
C[NH+](Cc1ccc(OC(F)(F)F)cc1)C[C@H]1CCOC1,4.01571473,1.6364,5.65211473
COC(=O)c1ccc(C(=O)N2CCC(Oc3nc4c(C)ccc(C)c4s3)CC2)cc1,2.358502992,4.38334,6.741842992
CC[C@@H](C)[C@@H]([NH2+]C)C1([NH+](C)C)CCC(C)CC1,5.323609858,0.6877,6.011309858
CC[C@H](C)NC(=O)[C@H](C)NC(=O)Nc1ccc2c(c1)COC2,2.971019369,2.1415,5.112519369
Cc1nn(CC(=O)Nc2ccc(N3CCOCC3)cc2)c(=O)c(C#N)c1C,2.242124545,1.20712,3.449244545
O=C([O-])CCCS(=O)(=O)Nc1ccc(Cl)cc1F,2.651310618,0.7509,3.402210618
CCOC(=O)c1ccccc1[N-]S(=O)(=O)c1cccc(F)c1,2.877115287,3.3965,6.273615287
CC(C)(C)C(=O)Nc1ccc(NC(=O)c2ccccc2)nc1,1.82913395,3.3185,5.14763395
Cc1ccc(/C=C/C(=O)N(C)Cc2sccc2C)o1,2.502480003,3.62974,6.132220003
CC(C)c1noc(CN(C)C(=O)c2csc3nc(-c4cccc(F)c4)cn23)n1,2.730284857,3.9805,6.710784857
CCC[C@H](CCCc1c([O-])[nH+]c(N)[nH]c1=O)C(=O)[O-],4.655077806,-1.6663,2.988777806
Cc1ccsc1-c1nc(C)c(C)nc1N,2.624802162,2.71256,5.337362162
Cn1nnc2cc(C(=O)NCC(C)(C)c3ccncc3)ccc21,2.42817859,2.0709,4.49907859
O=C(c1cccc(C2=NO[C@@H]([C@@H]3N=NC4=C3CCCC4)N2)c1)N1CCCC1,3.976111738,3.1926,7.168711738
COC[C@H](O)CN(C)C(=O)c1cscc1C,3.166815768,1.13582,4.302635768
COc1ccc2c(c1)C(N1CCN(C(=O)c3ccc(F)cc3)CC1)=Nc1ccccc1O2,2.297544373,4.4763,6.773844373
NS(=O)(=O)N1CCC(C(=O)NCCNC(=O)c2ccco2)CC1,2.251835206,-0.9589,1.292935206
CCC(CC)C(C)(C)C[C@@H](C)[NH2+]C,4.576779185,2.4206,6.997379185
CCc1ccc2ncc(C#N)c(Nc3cc(OC)ccc3OC)c2c1,2.189201832,4.42968,6.618881832
C[C@@H]1CCCC[C@H]1NC(=O)N(C)Cc1nccs1,3.124031281,2.8632,5.987231281
CCc1ccc(OCC(=O)N(C(C)C)C2CCOCC2)cc1,2.18664966,3.0438,5.23044966
COC1CCN(C(=O)c2ccc(N)c(C)c2)CC1,1.975924657,1.82822,3.804144657
CCOC(=O)c1cc(S(=O)(=O)N2CCN(c3ccc(C(C)=O)cc3)CC2)cn1C,2.234633575,1.9153,4.149933575
O=C(c1occc1Br)N1CCS[C@H](c2ccccc2)C1,3.097373773,3.9724,7.069773773
Clc1cc(N2CCC[C@H](OCc3cccnc3)C2)nc2[nH]ccc12,3.074239667,3.7969,6.871139667
CC(C)[NH2+]Cc1ccc([N+](=O)[O-])c(OC/C(Cl)=C/Cl)c1,3.652626052,2.7644,6.417026052
Cc1cc(C)nc(Nc2nc(CC(=O)Nc3ccc(-n4cnnn4)cc3)cs2)n1,2.491890746,2.45044,4.942330746
Cc1c2c(cc3c1O/C(=C\c1c(F)cccc1Cl)C3=O)CN(CCCN1CCOCC1)CO2,2.96219473,4.27792,7.24011473
CSc1ncc(CNc2cc(-c3ccccc3)nc3ccnn23)n1C,2.639763986,3.4638,6.103563986
CC[C@@H](C)c1ccc(S(=O)(=O)[N-]c2cc(F)ccc2F)cc1,3.448403351,4.8724,8.320803351
COCc1cccc(NC2=[NH+]CCCCC2)c1,3.269881966,1.298,4.567881966
C[C@@H](Oc1ccccc1F)C(=O)NNC(=O)Nc1ccccn1,2.508059175,1.8409,4.348959175
Cc1ccc(-n2c(C)cc(/C=N\NC(=O)CN3CCOCC3)c2C)cc1[N+](=O)[O-],2.45769911,2.09306,4.55075911
CCN1C(=O)Cc2cc(NC(=O)c3ccc(Cl)c([N+](=O)[O-])c3)ccc21,2.169784347,3.4095,5.579284347
Cc1cc(I)ccc1NC(=O)C[NH+](C)[C@@H]1CCc2ccccc21,3.83053583,2.74032,6.57085583
CCn1cc(NC(=O)[C@H]2CSCN2C(=O)CC(C)(C)C)ccc1=O,3.085154336,2.1444,5.229554336
N#Cc1c(Cl)nsc1N[C@@H]1CCc2cc(Cl)ccc21,3.258787912,4.42098,7.679767912
Cc1cc(C)c(NC(=O)CNC(=O)[C@@H](NC(=O)c2ccco2)C(C)C)c(C)c1,2.611430454,2.71416,5.325590454
C[C@@H]1CCC[C@@H](N(C)C(=O)NCc2cccc(Cn3cccn3)c2)C1,3.054786435,3.6515,6.706286435
C[C@H](NC(=O)CN(C)Cc1nc2ccccc2c(=O)[nH]1)c1ccccc1,2.556272893,2.2323,4.788572893
Cc1ccc(Oc2ncnc(Nc3ncccc3C)c2[N+](=O)[O-])cc1C,2.404361839,4.24096,6.645321839
O=C(CCn1cncn1)Nc1nc(-c2ccc3ccccc3c2)cs1,2.191495935,3.5836,5.775095935
Cc1cc(C)c(NC(=O)[C@H](C)N(C)OCc2ccccc2)c(Cl)c1,2.804898113,4.34744,7.152338113
Cc1ncc([C@@H](C)[NH2+][C@H](C)c2ccc3c(c2)CC(=O)N3)s1,4.219180742,2.33172,6.550900742
CCc1ccc(C(=O)OCC(=O)N2CCCC2)o1,2.044629001,1.6212,3.665829001
O=C(NCCCn1ccc2ccccc21)C1CCN(C(=O)/C=C/c2ccccc2)CC1,2.216937347,4.0996,6.316537347
CC/[NH+]=C(/NCc1nnc2n1CCCCC2)N[C@@H]1C[C@@H]1C,4.195178435,-0.4514,3.743778435
CC[C@H]1CCCN1c1nc(C(F)(F)F)ccc1C(N)=S,3.041634251,3.1134,6.155034251
Cc1ccc(C)c(NC(=O)[C@@H](C)[S@@](=O)Cc2nccn2C(F)F)c1,3.483063654,3.17094,6.654003654
C[C@@H]1CCCC[NH+]1CCNC(=O)CCc1ccc2c(ccn2C)c1,4.085937819,1.6844,5.770337819
Cc1ccc(OCCOc2ccccc2)c(C(=O)[O-])n1,2.306296362,1.21132,3.517616362
Cc1csc([C@@H](C#N)C(=O)CSc2nnc(-c3ccccc3F)n2C2CCCCC2)n1,3.136642384,5.3229,8.459542384
O=C(CCl)N1CCCC2(CCCCC2)C1,2.906406136,2.7981,5.704506136
N#CCN1CCN(CC(=O)NCCCC2CCCCC2)CC1,2.20926879,1.60428,3.81354879
COc1ccc(F)cc1CSCc1nc(CC(C)C)no1,2.372806593,3.8492,6.222006593
[NH3+][C@@H]1CCCC[C@@H]1/N=C/[C@@H]1C(=O)N=C(S)N(c2ccccc2)C1=O,4.498557498,1.0857,5.584257498
CNS(=O)(=O)c1cc(NC(=O)Cc2cccc(F)c2F)ccc1C,2.073399905,2.36252,4.435919905
N#CCCN(CCC(F)(F)F)C(=O)c1ccc2c(c1)CCCC2,2.435420061,3.87368,6.309100061
CCCC(=O)N1CCC(n2nc(C(=O)OCC)cc2C2CC2)CC1,2.485511105,2.9008,5.386311105
CC(=O)Nc1c(N)cc2c3c(cccc13)C(=O)c1ccccc1-2,2.268598471,3.5918,5.860398471
CCN(Cc1cccs1)CN1C(=O)N[C@](CC)(c2ccccc2)C1=O,2.892918554,3.3848,6.277718554
C[C@@H](O)[C@H]1CCOC2(CCC2)C1,4.084328607,1.7165,5.800828607
O=C1CCCN1C[C@H](NC(=O)N1CCN(c2nccs2)CC1)c1ccccc1,2.838055644,2.3384,5.176455644
C=CCc1cc(N)ccc1O[C@H]1CCOC2(CCCC2)C1,3.696392259,3.8679,7.564292259
COC[C@@H]1CN(C(=O)C(=O)Nc2ccccc2-c2ccccc2)CCO1,2.611122099,2.1659,4.777022099
O=C(CCc1ccc(Cl)cc1)NCCc1nc2cc(F)ccc2s1,2.030294342,4.3803,6.410594342
Cc1cn2c(=O)c(C(=O)N3CCC[C@H](n4cccn4)C3)cnc2s1,3.246150591,1.73822,4.984370591
Brc1cc(C[NH+]2CCC[C@@H](c3cn[nH]c3)C2)cc2c1OCCCO2,4.62014089,2.296,6.91614089
COc1ccccc1OCC(=O)NCC1(c2cccs2)CCCCC1,2.253408876,4.1538,6.407208876
CC[C@@H](C)Oc1cccc(C(=O)Nc2cccc(-c3nn4cnnc4s3)c2)c1,2.865814889,4.2824,7.148214889
Cc1ccc(CN[C@@H](C(=O)NC2CC2)c2ccccc2)s1,2.532502845,3.16602,5.698522845
C[C@@H](NC(=O)NNC(=O)[C@@H]1CCCO1)c1ccc(Cl)cc1,2.857988826,1.9104,4.768388826
CC[C@H](O)Cn1nc(Cn2cncn2)nc1Cc1cccc(Cl)c1,3.119028851,1.933,5.052028851
CC(C)[C@H](Sc1nnc(-c2ccco2)n1C)C(=O)Nc1ccc(Cl)cc1,2.778211591,4.4839,7.262111591
CO[C@H](C)c1noc(CNc2ccc(Sc3ccccc3)cc2C)n1,2.950654307,4.84872,7.799374307
C[C@@H](c1ccccc1)N1C[C@@H](C(=O)NCCCN2CC[NH+](C)CC2)CC1=O,3.848030117,-0.0673,3.780730117
CCCC[C@@H](C(=O)OC)[C@H](O)c1ccc(Br)cc1F,3.086125432,3.601,6.687125432
O=C(NCC1(O)CCOCC1)c1ccc(CSC(F)F)o1,2.852911417,2.0067,4.859611417
C[C@](O)(CNC(=O)c1cccs1)CN1CCOCC1,2.825985348,0.5611,3.387085348
CCOc1ccccc1NC[C@@H]1COc2ccccc21,2.555787576,3.6734,6.229187576
CCN1C=C(C[NH+]2CCC(C(=O)Nc3ccc([C@@H]4C=c5ccccc5=[NH+]4)cc3)CC2)[C@@H](C)N1,5.152966629,-0.7319,4.421066629
CC(C)(C)n1nccc1NC(=O)C(=O)N1CCC[C@@H](c2cn[nH]c2)C1,3.491526175,1.7059,5.197426175
Cc1ccc(-n2ncc3c2ncn2nc(CCc4ccccc4)nc32)cc1Cl,2.444150134,4.21022,6.654370134
CC(=O)N1CCN(Cc2cc(NC[C@H](O)c3ccsc3)cc[nH+]2)CC1,3.795660076,1.3718,5.167460076
CCC[C@H]1CN(C(=O)Nc2ccc(CC)c(F)c2)CCO1,2.654457773,3.4209,6.075357773
CC[NH+]1CCN([C@H](C)CNC(=O)COc2ccccc2C#N)CC1,3.789513477,-0.33782,3.451693477
CCOc1ccc(N)c2ccccc12,1.62683674,2.8207,4.44753674
CC[C@@](C)([C@@H](N)c1cccc(Cl)c1)[NH+](C)C,4.121757026,1.653,5.774757026
CC1CCC(NC(=O)C2=CC(=O)CS2)CC1,2.872345398,1.8811,4.753445398
COc1cccc([C@@H](CO)NC(=O)NCc2scnc2C)c1,2.77534479,1.99292,4.76826479
C[C@@H](CCO)C[NH2+]Cc1ncc(-c2ccccc2)s1,3.718444882,1.892,5.610444882
C[C@@H](c1ccccc1)[C@@H]1[NH2+][C@@H](C(=O)[O-])CS1,4.769985386,-0.4551,4.314885386
O=C(NCCc1ccc(S(=O)(=O)NC(=O)c2ccc(Cl)cc2)cc1)c1ccc(Cl)cc1,1.894832086,4.0846,5.979432086
Cc1nc(-c2c[nH]c(C(=O)NC(C)(C)C)c2)cs1,2.51899596,2.97492,5.49391596
CCSc1nnc(NC(=O)c2sc3cccc(F)c3c2C)s1,2.398658841,4.56462,6.963278841
Cn1c(=O)c(C2=NN[C@H](c3cccs3)C2)c(O)c2ccccc21,3.233543543,2.7443,5.977843543
Cc1noc(C)c1CCC(=O)N1CCC2(CC1)Nc1ccccc1S(=O)(=O)N2,3.384083936,1.94674,5.330823936
COCc1ccccc1NC(=O)NCc1ccc(C)cc1N(C)C,2.104700542,3.52912,5.633820542
Cc1cc2c3c([nH]c2cc1S(=O)(=O)N[C@H](C)Cc1ccco1)CC(C)(C)CC3=O,3.268707608,4.13392,7.402627608
CCOc1ccc([C@H](C)NC(=O)C(=O)Nc2ccc(Cl)cc2C)cc1,2.322029223,3.86302,6.185049223
CO[C@H](CNC(=O)C(=O)Nc1cccnc1-n1cccn1)c1ccccc1,2.837716015,1.7097,4.547416015
CCc1ccc([C@H]([NH3+])[C@@H](C)Oc2ccccc2C)cc1,3.183736434,3.30792,6.491656434
Cc1cccc([C@H]2CCCCC[NH+]2C2CCN(C(N)=O)CC2)c1,4.215146126,2.03812,6.253266126
CCC[C@@H](NC(=O)c1ccc2[nH]c3c(c2c1)CCCC3)C(=O)OC,2.682829088,3.1182,5.801029088
C[C@H]1CN(C(C)(C)CNC(=O)[C@@H]2C[C@@H]2c2ccc(F)cc2)C[C@@H](C)O1,3.550507363,2.9332,6.483707363
CC(C)CN(C[C@H](O)c1ccc(F)cc1)C(=O)Nc1cccnc1Cl,2.717118187,4.0976,6.814718187
CCCCOc1ccc(Cl)cc1,1.295802195,3.5189,4.814702195
CS(=O)(=O)NC1CCC([NH2+][C@@H]2C[C@H]3C[C@@H]2[C@H]2CCC[C@@H]23)CC1,5.544107265,1.2349,6.779007265
COC[C@@H](C)CNC(=O)[C@@H]1C=C[C@@H]([NH3+])C1,4.562448454,-0.4283,4.134148454
Cc1ccc(C[C@@H](C)[NH2+][C@H](C)c2ccc(C)c(F)c2)s1,3.86904984,3.75964,7.62868984
COCCN1C(=O)[C@@H]2[C@@H](Cc3ccc(O)c(O)c3)N[C@@]3(C(=O)Nc4ccc(F)cc43)[C@@H]2C1=O,4.296201915,0.8464,5.142601915
Cc1ccc(C(=O)C2=C([O-])C(=O)N(CCCN3CCOCC3)[C@@H]2c2cccs2)cc1,3.18358086,2.15942,5.34300086
Cc1cc([C@H](O)[C@@H]2CCO[C@]3(CCOC3)C2)ccc1F,4.177699502,2.75322,6.930919502
C[C@@H]1CCC[C@H](N(C)C(=O)c2cccc(NC(=O)C(C)(C)C)c2)C1,2.889836908,4.3219,7.211736908
COC(=O)[C@@H]1c2ccsc2CCN1S(=O)(=O)c1ccc(F)cc1,2.801380825,2.3483,5.149680825
CC[NH+](CC)C[C@@H](C)NC(=O)CC1C[C@@H]2CC[C@H](C1)[NH2+]2,6.514367429,-0.6897,5.824667429
COC(=O)c1c(N)sc2c1CCS2,3.06293975,1.7651,4.82803975
CC[C@H](C(=O)N1CCCSC[C@H]1C[NH+](C)C)c1ccccc1,3.940231943,1.6588,5.599031943
Cc1occc1C(=O)N/N=C/c1cc(Br)cc([N+](=O)[O-])c1[O-],3.024713357,2.09622,5.120933357
CCOc1ccccc1O[C@H]1CCC[C@H]1NC(=O)c1ccc(OC)nc1,2.886927227,3.2188,6.105727227
Cc1cc(C)c(NC(=O)NCc2ccc(N3CCOCC3)cc2)c(C)c1,1.995046745,3.77016,5.765206745
COc1ccc(C[C@@H](C#N)C(=O)[O-])cc1OC,2.962785706,0.13598,3.098765706
CC(C)NC(=O)Nc1nc2c(s1)CN(C(=O)c1ccc(C(F)(F)F)cc1)CC2,2.379930821,3.8903,6.270230821
Cc1cccnc1CSc1nc2cc(S(=O)(=O)N(C)C)ccc2o1,2.451381369,3.07382,5.525201369
Cc1ccccc1[C@@H](C)NC(=O)C(=O)Nc1ccc(N(C)C)c(C)c1,2.528571728,3.18534,5.713911728
CC(C)(C)OC(=O)N1CC(=CC(=O)NCC#N)C1,2.850974182,0.80328,3.654254182
O=C1c2cccnc2C(=O)N1Cc1ccc(F)cc1S(=O)(=O)N1CCCCCC1,2.385687811,2.5816,4.967287811
CCCN(CC(=O)NC)C(=O)[C@@H]1CC[C@H]2CCCC[C@@H]2[NH2+]1,4.358803608,0.2556,4.614403608
CS(=O)(=O)/N=c1/[nH]c(CC(=O)Nc2c(Cl)cccc2Cl)cs1,2.978326434,2.4245,5.402826434
C=CCn1c([S-])nc2cc(C(=O)N(C)CC(=O)Nc3ccccc3C(F)(F)F)ccc2c1=O,2.867110276,3.2178,6.084910276
C[C@@H](c1ccc(S(C)(=O)=O)cc1)N(C)C(=O)c1cccc(Br)c1,2.415458229,3.6858,6.101258229
Cc1c(C(=O)NNC(=O)NC[C@H]2CCCO2)sc2ccc(F)cc12,2.847237911,2.47182,5.319057911
CCOc1ccc(O[C@@H](C)C(=O)NNC(=O)c2[nH]c3ccccc3c2Br)cc1,2.67368861,3.5576,6.23128861
Cc1ccc([C@@H](C)[NH2+][C@H](C)c2nc3c(s2)CCCC3)s1,4.200584091,3.77742,7.978004091
O=C(CN1C(=O)NC2(CCCCCC2)C1=O)NCc1cccs1,2.725502984,2.0091,4.734602984
CC[C@H](NC(=O)CCc1cc(F)ccc1F)C(=O)OC,2.471739379,1.9652,4.436939379
O=C(/C=C/c1c(F)cccc1F)N1CCN(c2ncccc2F)CC1,2.325210066,2.8609,5.186110066
CC(C)C[C@H]1NC(=O)[C@H]2CN(C(=O)c3ccc4ccccc4c3)CCN2C1=O,3.012230743,2.0373,5.049530743
CCOc1cc(/C=C2/C(=N)N3N=CSC3=NC2=O)ccc1OC(=O)c1ccccc1Cl,2.837941116,4.20687,7.044811116
Cc1oc(-c2ccco2)nc1CC(=O)NC[C@H](C)Oc1ccccc1,2.739838922,3.36922,6.109058922
CCC[C@H]1C[NH2+]CC[C@@H]1c1cnn(-c2ccccc2)c1,4.019041705,2.3393,6.358341705
O=C(c1c[nH]c(=O)cn1)N(CC1CC[NH+](C2CCCC2)CC1)C[C@H]1CCCO1,4.283016619,0.6286,4.911616619
C[C@@H]1C[C@@H]1c1ccc(/C=C/C(=O)N2CCC[C@H](O)C2)o1,3.44240408,2.3995,5.84190408
C[C@H](NC(=O)NC[C@@](C)(O)c1cccs1)c1cccc(C#N)c1,3.261078337,2.88768,6.148758337
O=C(Nc1ccnn1C1CC[NH+](Cc2ccccc2F)CC1)c1cccnc1,3.31736458,2.0895,5.40686458
CC(C)[C@@H](CNC(=O)NC[C@@]1(C)CCCO1)C(=O)[O-],3.979685613,-0.1232,3.856485613
Cc1sc(NC(=O)C2CC2)c(C(=O)NCc2n[nH]c(=S)n2C(C)C)c1C,2.734164435,3.47843,6.212594435
Cc1nc(-n2cccc2)sc1C(=O)N1CCN(c2ccccc2Cl)CC1,2.289127951,3.85802,6.147147951
Cc1cc(NC(=O)N[C@H]2CCCN(c3ccccc3F)C2=O)no1,2.730594246,2.43922,5.169814246
COc1ccc(Cl)c(NC(=O)[C@@H]2CC(O)=Nc3nncn32)c1,3.229683996,2.1116,5.341283996
O=C(Nc1ccc(Cl)cc1)C1CCN(c2ccc(-n3cccc3)cn2)CC1,2.15321418,4.3808,6.53401418
CCc1c(N)cnn1[C@@]1(C)CCS(=O)(=O)C1,3.768605035,0.5614,4.330005035
COc1ccc(OC)c(N2C(=O)/C(=C/c3ccc(O)cc3)SC2=S)c1,2.199361566,3.8152,6.014561566
NC(=O)c1cccc(CNC(=O)COc2ccc(F)cc2Cl)c1,1.814883042,2.2732,4.088083042
COC[C@H](Nc1nccc(OC)n1)c1ccc(F)c(F)c1,2.847808751,2.563,5.410808751
COC(=O)[C@@]1(NC(=O)CCCc2cc(Cl)sc2Cl)CCOC1,3.349771447,2.8259,6.175671447
C[C@H]1C[C@H](C)CN(S(=O)(=O)CCn2cnc3ccccc32)C1,3.092222018,2.344,5.436222018
CCCC[C@@H]1CCC[C@@H]1NC(=O)NC1CC[NH+](CC(=O)N(C)C)CC1,4.320234072,0.78,5.100234072
Cc1cc(C)cc(N(C)CC(=O)N(C)[C@@H]2CCS(=O)(=O)C2)c1,2.950781578,1.38514,4.335921578
Cc1ccc(/C=C/C(=O)Nc2sc(C)c(C)c2C#N)o1,2.5068509,3.78994,6.2967909
Cn1nnc2c(=O)n(CC(=O)NC3CC3)cnc21,2.465292041,-1.1964,1.268892041
COc1cc([C@@H](C)N[C@H]2CC[C@H]([NH+](C)C)C2)ccc1OC(F)F,4.124893168,2.0128,6.137693168
CC(C)(C)OC(=O)NC1CCN(C(=O)C[NH3+])CC1,2.72243658,-0.256,2.46643658
CC[C@](C)([C@@H]([NH2+]C)c1cc(Cl)cnc1N)N1CCOCC1,4.283133262,1.0524,5.335533262
Cc1cnc([C@@H](NC(=O)N(C)[C@H](c2ccccc2)C(C)C)C2CC2)s1,3.46224187,4.94132,8.40356187
COc1ccc([C@H]2CC(=O)C3=C(C)Nc4ccccc4N[C@H]3C2)c(OC)c1OC,3.44999679,4.3391,7.78909679
CC(=O)N(C)C1CCC(C)(C)CC1,2.486653325,2.4335,4.920153325
CNC(=O)c1cccc(NC(=O)Cc2ccccc2Cl)c1,1.657934364,2.8808,4.538734364
COc1cc(Br)c(O[C@H]2CCCCO2)cc1C,2.706881191,3.67152,6.378401191
O=C(C[C@@H]([NH2+]C[C@H]1CCCO1)C(=O)[O-])Nc1cccc(Cl)c1,4.003377104,-0.4705,3.532877104
COc1ccc2cc(-c3csc(NC(=O)COc4ccccc4)n3)oc2c1,2.100462086,4.5824,6.682862086
C[C@H](Sc1nnc(-c2ccccc2)n1C)C(=O)N1CCC[C@@H](C(N)=O)C1,2.909074093,1.6866,4.595674093
CCC[C@@H]1C[C@@H]1NC(=O)C(=O)Nc1cccc(-c2nnc(C)o2)c1,3.176625808,2.28832,5.464945808
Cc1cc(C(=O)COC(=O)c2ccc(I)cc2)c(C)n1C[C@H]1CCCO1,2.718210326,3.92824,6.646450326
Cc1c(Cl)cccc1NC(=O)C(=O)NCc1ncn(C)n1,2.463583143,1.03182,3.495403143
Cc1ccc([C@@]2(C(C)(C)C)CCC[NH2+]2)cc1,3.995007141,2.59362,6.588627141
CN(C)C(=O)c1ccc(NC[C@@H]2CC[C@@H](C(=O)[O-])O2)nn1,3.770737241,-1.1122,2.658537241
c1cncc([C@H](c2nc(-c3ccc4nc[nH]c4c3)no2)N2CCOCC2)c1,3.116341853,2.4295,5.545841853
C[C@@H]1[C@H](C(=O)[O-])CCN1C(=O)N1CCc2ccccc21,3.598947972,0.6294,4.228347972
Cn1cc(CCCOC(=O)c2cc3ccccc3c(=O)[nH]2)cn1,2.31302229,2.0512,4.36422229
CCOc1ccc(NC(=O)Cn2cnc3sccc3c2=O)cc1,2.011111102,2.4954,4.506511102
O=C(Nc1ccccc1O)C1CC[NH+](CC2CCCCC2)CC1,3.239610037,2.2059,5.445510037
Cc1ccc(CCNC(=O)c2cc(NC(=O)C3CCCC3)n(C)n2)o1,2.383830001,2.42272,4.806550001
O=C(Nc1cccnc1N1CCCC1)c1ccccc1,1.689281897,2.9341,4.623381897
COc1ccc(N2C(=O)NC(=O)/C(=C/Nc3ccc(F)cc3)C2=O)cc1,2.107915685,2.4131,4.521015685
C[C@@H]([NH2+]Cc1ccc(Cl)c(Cl)c1)c1ccc2c(c1)NC(=O)CO2,3.579272193,3.1489,6.728172193
Cc1cccc(C)c1NC(=O)CN(C)C(=O)c1cc(C)n(-c2ccccc2)c1C,2.10301896,4.42168,6.52469896
CCc1ccsc1CNC(=O)Nc1ccc(NC(C)=O)c(OC)c1,2.285167592,3.5992,5.884367592
CC/C(C)=N\NC(=O)Cc1ccc(OC)cc1,1.94757722,2.1398,4.08737722
Cc1n[nH]c2cc(NC(=O)c3c(O)cc(F)cc3F)ccc12,2.437484013,3.10742,5.544904013
Cc1ccc(S(=O)(=O)NC[C@H](c2ccc(N(C)C)cc2)[NH+](C)C)c(C)c1,3.427929923,1.53354,4.961469923
CCC(O)(CC)C(=O)NN(C(=O)c1csc(C)c1)c1ccccc1,2.822409727,3.28562,6.108029727
CC(C)CCNc1nc2c(c(=O)n(Cc3ccccc3Cl)c(=O)n2C)n1C,2.454505588,2.5934,5.047905588
COc1cc(C(=O)NC[C@H](C2CC2)[NH+](C)C)cc(OC)c1C,3.532251982,0.66512,4.197371982
Cc1cccc2cc([C@H]3NC(=O)c4c(sc5c4CCCC5)N3)c(Cl)nc12,3.223424868,4.99102,8.214444868
Cc1[nH]cnc1C[NH+]1CCCCCCC1,4.107993259,1.06712,5.175113259
CCC1CCC(C[NH3+])([NH+](CC)[C@@H](C)CC)CC1,5.245877951,1.2706,6.516477951
N#Cc1ccc([C@@H]([NH3+])CO)cc1F,3.721661942,-0.02732,3.694341942
CC1(C)SC[C@H](C(=O)N2CCC(OCc3cccnc3)CC2)NC1=O,3.235181826,1.5994,4.834581826
O=C(C[NH+]1CCC[C@H]1c1nc2ccccc2s1)Nc1cc2[nH]c(=O)[nH]c2cc1Br,4.250457538,2.5869,6.837357538
CS(=O)(=O)NC[C@H]1CCCCN1C(=O)Nc1cc(C(F)(F)F)ccc1N1CCCC1,2.897130764,3.2412,6.138330764
C[C@H](CC(=O)[C@@H](C#N)c1nc2cc(Cl)ccc2s1)NC(=O)C1CCCC1,3.325606232,4.21098,7.536586232
C=CC[NH+](Cc1cc(F)ccc1OC)[C@H]1CCS(=O)(=O)C1,4.383766153,0.5923,4.976066153
CCc1cccc(OC2CN(C(=O)[C@H]3CCCCC[NH+]3C)C2)c1,3.985533936,1.2959,5.281433936
C[NH+]1CCN(C(=O)[C@@H](O)c2ccccc2)CC1,3.840745614,-0.9231,2.917645614
COc1ccc(C(=O)N2CCC[C@H](c3nc(O)c4nnn(Cc5ccc(F)cc5)c4n3)C2)cc1OC,3.02645316,3.1513,6.17775316
NC(=O)CCOc1ccccc1NC(=O)c1ccc(Cl)c(Cl)c1,1.802330638,3.4999,5.302230638
C[C@@H](O)c1ccc(-c2ccccc2)cc1,1.840468032,3.4069,5.247368032
C[NH2+]C1CCC(N(C)C(=O)c2sccc2Br)CC1,3.545652041,2.087,5.632652041
C[C@H]1CCC[NH+]1CC(=O)Nc1ccc(F)c(N2CCCS2(=O)=O)c1,4.340830087,0.3713,4.712130087
CC[C@@H](C)NC(=O)[C@@H](C)NC(=O)C#Cc1ccccc1,2.993557533,1.4575,4.451057533
c1ccc2sc(C3CC[NH+](C4CCSCC4)CC3)nc2c1,3.761832631,2.9542,6.716032631
C=C1C[C@@]23CC[C@@H]4[C@@](C)(CCC[C@@]4(C)C(=O)[O-])[C@H]2CC[C@]1(O)C3,5.990082746,2.8203,8.810382746
Nc1c(NCCN2CCOCC2)ncnc1Nc1ccc(Br)cn1,2.469548408,1.704,4.173548408
Cn1c(COC(=O)CCc2ncc(-c3ccccc3F)o2)cc(=O)n(C)c1=O,2.549319379,1.5541,4.103419379
COc1ccc(Br)cc1/C=C/C(=O)NC[C@@H]1CCCO1,2.604302267,2.7661,5.370402267
CCC[C@H](C)NC(=O)[C@@H](C)Nc1cccc(C)c1,2.577453333,3.10022,5.677673333
C[C@H]1C[C@H](C)CN(C(=O)COC(=O)c2cncc(Br)c2)C1,2.968923183,2.5054,5.474323183
Nc1cc(-c2cccc(Cl)c2)nn1-c1ccccc1F,2.017455876,3.914,5.931455876
COc1ccc(NC(=O)C(=O)NC2CC2)cc1C,1.795305536,1.22072,3.016025536
CC(C)N(Cc1cccnc1)C(=O)Nc1cnn(C[C@H]2CCCO2)c1,2.91680623,2.8996,5.81640623
C[C@@H](CNS(=O)(=O)c1ccc2c(c1)NC(=O)CO2)[NH+](C)C1CC1,4.101762609,-0.6386,3.463162609
COc1ccc(NC(=O)N2CCC[C@@H](c3nnc(C(=O)Nc4cccc(F)c4)s3)C2)cc1,2.731919328,4.3496,7.081519328
COC1CC[NH+](C[C@@H]2CCC[C@H](C)C2)CC1,4.704832754,1.5064,6.211232754
CSc1ccc([C@H](Br)Cc2ccccc2)cc1,2.313993515,5.0872,7.401193515
C[C@@]1(c2ccccc2F)NC(=O)N(CC(=O)NCC(F)(F)F)C1=O,2.754553183,1.2712,4.025753183
O=c1[nH]c(Cn2c(-c3ccccc3)noc2=O)nc2sc3c(c12)CCCC3,2.594235212,2.7284,5.322635212
Cc1cncc(C(=O)NCCC[NH+]2C[C@H](C)C[C@@H](C)C2)c1,4.271486349,1.07072,5.342206349
CCc1ccc(NC(=O)[C@@H](C)S(=O)(=O)Cc2nncn2C)cc1,2.848858229,1.3195,4.168358229
COc1ccccc1-c1ccccc1C[C@H]1CN(C(=O)c2ccccc2)CCN(C)C1=O,2.69381381,4.1353,6.82911381
Cc1nsc(N)c1-c1nc2cnccc2n1C1CC1,2.945782277,2.78032,5.726102277
Cc1ccsc1CN(CC[NH+](C)C)C(=O)c1ccc2c(c1)nnn2C,3.351786841,1.12512,4.476906841
Cc1cccnc1CCNC(=O)c1ccc([C@H]2CCC[NH+]2C(C)C)s1,4.198988791,2.55222,6.751208791
CCc1ccsc1CNC(=O)C1(c2ccccc2F)CC1,2.52839512,3.7976,6.32599512
COc1cccc([C@@H](C)NC(=O)COC(=O)c2cncc(Br)c2)c1,2.462586621,2.8869,5.349486621
CS(=O)(=O)N(CC(=O)N1CCOCC1)c1ccc(F)c(Cl)c1,2.227684896,1.1039,3.331584896
COc1ccc(N2C(=O)CC[C@H](C(=O)Nc3ccc(-n4ccnc4)cc3)[C@H]2c2ccccc2OC)cc1,3.144845929,5.0125,8.157345929
CC[C@@H]1C(=O)N2CCC[C@H]2C(=O)N1CC1CCC1,3.231498394,1.3983,4.629798394
Cn1ccc(C(=O)N2C[C@@H]3CC[C@H](C2)[NH+](Cc2ccccc2)C3)n1,5.015766837,0.7396,5.755366837
NC1=NC(=O)N(Cc2ccccc2)[C@@H]1c1ccccc1Br,2.854435153,3.4832,6.337635153
CC(C)[NH+]1CCCN(C(=O)c2cc(C3CC3)n(C(C)(C)C)n2)CC1,4.137344869,1.6547,5.792044869
Cc1cc(CNC(=O)[C@@]2(C)CCC[NH2+]2)cc(C)c1F,3.955747577,1.17464,5.130387577
C[C@@H]1CC(=O)N(c2ccc(NCc3cccnc3)c([N+](=O)[O-])c2)C1=O,2.76947101,2.5013,5.27077101
CC1CCC2(CC1)NC(=O)N(NC(=O)CNC(=O)c1cccs1)C2=O,3.018403098,1.0098,4.028203098
CCOc1ccc(C(C)=O)cc1Cn1c(C(F)(F)F)nc2ccccc21,2.185433336,4.7047,6.890133336
Cc1ccccc1N1C(=O)c2ccc(C(=O)OCC(=O)NC[C@H]3CCCO3)cc2C1=O,2.664389642,2.24762,4.912009642
COC1CCC(CC(=O)Nc2[nH+]cccc2[O-])CC1,3.890243815,1.1081,4.998343815
Nc1ccc(F)cc1NC(=O)CN1CCc2ccccc21,1.963255159,2.4091,4.372355159
COc1c(Br)cc(Cl)cc1S(=O)(=O)[N-]c1cc(F)ccc1F,3.247974726,4.7834,8.031374726
CCOc1ccc(NC(=O)N(C)Cc2ncnn2C)cc1C,2.274019952,2.18612,4.460139952
C[C@H]1OCC[C@@H]1C(=O)Nc1ccc(Cl)c(C(=O)[O-])c1,3.500226302,1.067,4.567226302
O=C(NCc1cccnc1)C(=O)N1CCCC1,1.957724353,0.3202,2.277924353
C#CCOc1ccc2ccccc2c1CN1CCN(CC#N)CC1,2.405771046,2.49298,4.898751046
CCOc1ncccc1-c1ncnc2scc(C)c12,2.507808944,3.46042,5.968228944
CC(=O)NC1(c2ccc(F)cc2)CCN(C(=O)C2CCCCC2)CC1,2.31470064,3.3598,5.67450064
Cc1ccc(NC(=O)C(=O)NC[C@@H](c2ccc3c(c2)CCN3C)[NH+]2CCCCC2)c([N+](=O)[O-])c1,3.902352433,1.76032,5.662672433
CCc1ccc(Oc2ccc3nnnn3n2)c(N)c1,2.589085867,1.4562,4.045285867
Cc1cc(OCC(=O)OC(C)C)cc2c1C(=O)/C(=C/c1cc(Br)cc3c1OCOC3)O2,2.988519088,4.57062,7.559139088
COC(=O)[C@H]1[C@@H](NC(=S)NC[C@@H]2C=CN=N2)S[C@@H](C)[C@H]1C,5.238676386,1.6853,6.923976386
C[C@H]1C[C@@H](C)CN(C(=O)CSc2ccccc2S(C)(=O)=O)C1,3.009957402,2.6867,5.696657402
CC1(C)COc2cscc2OC1,3.146666448,2.5455,5.692166448
Cc1cc(C)c(NC(=O)CNC(=O)CCc2nc3ccccc3c(=O)[nH]2)c(C)c1,2.263700819,2.53586,4.799560819
COC[C@@H](C)NC(=O)Nc1ccc(F)cc1F,2.338775673,2.1212,4.459975673
CCOc1ccc(N[C@H](C)c2ccc(F)cc2F)cc1CO,2.516868547,4.0289,6.545768547
CCCn1nnnc1CN1C(=O)c2ccc([N+](=O)[O-])cc2C1=O,2.398476792,0.7875,3.185976792
CC(C)CC(C)(C)C(=O)Nc1ccc(F)c(C(=O)N(C)C)c1,2.287139552,3.5383,5.825439552
Cn1cc(/C=C/C(=O)c2cccc(F)c2)c(=O)n(C)c1=O,2.300985321,1.1192,3.420185321
O=C(NCc1ccnc(OC2CCC2)c1)c1[nH]ncc1Br,2.55409362,2.4285,4.98259362
Cc1ccc([C@@H](CN2CCOCC2)NC(=O)COc2ccc(F)cc2)cc1,2.421749151,2.70262,5.124369151
